ranking,first_name,last_name,country,birthday,prize_money
4,Novak,Djokovic,SRB,1987-05-22,109805403
3,Roger,Federer,SUI,1981-08-08,107309145
2,Rafael,Nadal,ESP,1986-06-03,86111497
1,Andy,Murray,GBR,1987-05-15,60807644
5,Stan,Wawrinka,SUI,1985-03-28,30623544
46,David,Ferrer,ESP,1982-04-02,30263500
15,Tomas,Berdych,CZE,1985-09-17,28018533
12,Jo-Wilfried,Tsonga,FRA,1985-04-17,20209925
6,Marin,Cilic,CRO,1988-09-28,19573289
8,Kei,Nishikori,JPN,1989-12-29,17472934
32,Juan Martin,del Potro,ARG,1988-09-23,16770434
9,Milos,Raonic,CAN,1990-12-27,15674059
30,Richard,Gasquet,FRA,1986-06-18,15410620
26,Feliciano,Lopez,ESP,1981-09-20,14093346
39,Fernando,Verdasco,ESP,1983-11-15,14066921
76,Mikhail,Youzhny,RUS,1982-06-25,13676778
243,Tommy,Haas,GER,1978-04-03,13580544
13,Gael,Monfils,FRA,1986-09-01,13485269
180,Tommy,Robredo,ESP,1982-05-01,13157954
36,Gilles,Simon,FRA,1984-12-27,12222681
21,John,Isner,USA,1985-04-26,11469813
157,Radek,Stepanek,CZE,1978-11-27,11343464
77,Nicolas,Almagro,ESP,1985-08-21,10670138
59,Philipp,Kohlschreiber,GER,1983-10-16,10126962
125,Jurgen,Melzer,AUT,1981-05-22,9936146
23,Sam,Querrey,USA,1987-10-07,9122218
111,Marcel,Granollers,ESP,1986-04-12,9098312
10,Grigor,Dimitrov,BUL,1991-05-16,8969516
27,Fabio,Fognini,ITA,1987-05-24,8782872
81,Andreas,Seppi,ITA,1984-02-21,8651836
25,Ivo,Karlovic,CRO,1979-02-28,8611834
83,Julien,Benneteau,FRA,1981-12-20,8546404
10,Nicolas,Mahut,FRA,1982-01-21,8159874
55,Janko,Tipsarevic,SRB,1984-06-22,8087526
35,Kevin,Anderson,RSA,1986-05-18,7967963
68,Marcos,Baghdatis,CYP,1985-06-17,7924459
7,Dominic,Thiem,AUT,1993-09-03,7875201
45,Viktor,Troicki,SRB,1986-02-10,7618028
163,Guillermo,Garcia-Lopez,ESP,1983-06-04,7358123
71,Jeremy,Chardy,FRA,1987-02-12,6928485
19,Roberto,Bautista Agut,ESP,1988-04-14,6741371
102,Florian,Mayer,GER,1983-10-05,6594227
14,David,Goffin,BEL,1990-12-07,6431525
89,Alexandr,Dolgopolov,UKR,1988-11-07,6359173
29,Pablo,Cuevas,URU,1986-01-01,6338074
348,Ernests,Gulbis,LAT,1988-08-30,6310413
166,Paul-Henri,Mathieu,FRA,1982-01-12,6261658
7,Ivan,Dodig,CRO,1985-01-02,5933933
17,Jack,Sock,USA,1992-09-24,5875999
704,Dmitry,Tursunov,RUS,1982-12-12,5841491
22,Gilles,Muller,LUX,1983-05-09,5200413
69,Bernard,Tomic,AUS,1992-10-21,5187802
65,Thomaz,Bellucci,BRA,1987-12-30,5071844
82,Denis,Istomin,UZB,1986-09-07,5030475
24,Albert,Ramos-Vinolas,ESP,1988-01-17,4918159
823,Edouard,Roger-Vasselin,FRA,1983-11-28,4822055
37,Benoit,Paire,FRA,1989-05-08,4818040
42,Robin,Haase,NED,1987-04-06,4733333
114,Sergiy,Stakhovsky,UKR,1986-01-06,4701127
230,Simone,Bolelli,ITA,1985-10-08,4651815
66,Vasek,Pospisil,CAN,1990-06-23,4614760
75,Yen-Hsun,Lu,TPE,1983-08-14,4574726
20,Nick,Kyrgios,AUS,1995-04-27,4547208
257,Benjamin,Becker,GER,1981-06-16,4399584
526,Pablo,Andujar,ESP,1986-01-23,4301135
121,Martin,Klizan,SVK,1989-07-11,4258282
97,Santiago,Giraldo,COL,1987-11-27,4171351
134,Leonardo,Mayer,ARG,1987-05-15,4127431
11,Alexander,Zverev,GER,1997-04-20,4126125
16,Pablo,Carreno Busta,ESP,1991-07-12,4111145
175,Lukas,Rosol,CZE,1985-07-24,4064521
41,Adrian,Mannarino,FRA,1988-06-29,4053036
1783,Younes,El Aynaoui,MAR,1971-09-12,4044613
63,Joao,Sousa,POR,1989-03-30,3993749
50,Donald,Young,USA,1989-07-23,3988983
196,Teymuraz,Gabashvili,RUS,1985-05-23,3970080
608,Filippo,Volandri,ITA,1981-09-05,3949631
235,Rajeev,Ram,USA,1984-03-18,3939225
31,Steve,Johnson,USA,1989-12-24,3909601
78,Carlos,Berlocq,ARG,1983-02-03,3906346
107,Jerzy,Janowicz,POL,1990-11-13,3720730
28,Mischa,Zverev,GER,1987-08-22,3564744
18,Lucas,Pouille,FRA,1994-02-23,3517361
72,Pierre-Hugues,Herbert,FRA,1991-03-18,3497473
34,Paolo,Lorenzi,ITA,1981-12-15,3477097
118,Mikhail,Kukushkin,KAZ,1987-12-26,3465859
56,Horacio,Zeballos,ARG,1985-04-27,3424761
73,Dudi,Sela,ISR,1985-04-04,3380407
341,Daniel,Gimeno-Traver,ESP,1985-08-07,3142117
40,Ryan,Harrison,USA,1992-05-07,3139360
261,Alejandro,Falla,COL,1983-11-14,3096891
53,Steve,Darcis,BEL,1984-03-13,2805588
551,Michael,Berrer,GER,1980-07-01,2766701
57,Jiri,Vesely,CZE,1993-07-10,2693288
84,Federico,Delbonis,ARG,1990-10-05,2669172
453,Andrey,Golubev,KAZ,1987-07-22,2660973
127,Lukas,Lacko,SVK,1987-11-03,2637410
88,Andrey,Kuznetsov,RUS,1991-02-22,2552690
93,Dustin,Brown,GER,1984-12-08,2500168
187,Ruben,Ramirez Hidalgo,ESP,1978-01-06,2339761
70,Malek,Jaziri,TUN,1984-01-20,2201173
940,Jan,Hernych,CZE,1979-07-07,2178092
229,Stephane,Robert,FRA,1980-05-17,2168728
185,Tobias,Kamke,GER,1986-05-21,2158855
44,Borna,Coric,CRO,1996-11-14,2147502
595,Igor,Sijsling,NED,1987-08-18,2129377
1122,Karol,Beck,SVK,1982-04-03,2110582
61,Dusan,Lajovic,SRB,1990-06-30,2091704
48,Aljaz,Bedene,GBR,1989-07-18,2087485
220,Daniel,Brands,GER,1987-07-17,2020423
38,Diego,Schwartzman,ARG,1992-08-16,2013922
390,Marinko,Matosevic,AUS,1985-08-08,2013300
52,Jan-Lennard,Struff,GER,1990-04-25,1976705
189,Ricardas,Berankis,LTU,1990-06-21,1967579
150,Marco,Chiudinelli,SUI,1981-09-10,1965319
108,Victor,Estrella Burgos,DOM,1980-08-02,1920976
112,Illya,Marchenko,UKR,1987-09-08,1903032
201,Sam,Groth,AUS,1987-10-19,1863937
169,Maximo,Gonzalez,ARG,1983-07-20,1840398
249,Matthew,Ebden,AUS,1987-11-26,1838165
422,Frank,Dancevic,CAN,1984-09-26,1787022
92,Evgeny,Donskoy,RUS,1990-05-09,1737037
465,Thiemo,de Bakker,NED,1988-09-19,1709771
145,Go,Soeda,JPN,1984-09-05,1691476
839,Andreas,Haider-Maurer,AUT,1987-03-22,1675936
94,Guido,Pella,ARG,1990-05-17,1656894
47,Kyle,Edmund,GBR,1995-01-08,1624957
98,Blaz,Kavcic,SLO,1987-03-05,1624246
178,Denis,Kudla,USA,1992-08-17,1621952
941,Andreas,Beck,GER,1986-02-05,1564600
194,Tim,Smyczek,USA,1987-12-30,1560194
79,Damir,Dzumhur,BIH,1992-05-20,1477391
148,Kenny,De Schepper,FRA,1987-05-29,1442876
274,Fred,Gil,POR,1985-03-24,1426910
33,Karen,Khachanov,RUS,1996-05-21,1386374
365,Pere,Riba,ESP,1988-04-07,1360863
60,Daniel,Evans,GBR,1990-05-23,1339693
388,Michal,Przysiezny,POL,1984-02-16,1335040
267,Marsel,Ilhan,TUR,1987-06-11,1331156
64,Rogerio,Dutra Silva,BRA,1984-02-05,1317225
137,Joao,Souza,BRA,1988-05-27,1286998
96,Ruben,Bemelmans,BEL,1988-01-14,1276287
170,Tatsuma,Ito,JPN,1988-05-18,1263175
291,Grega,Zemlja,SLO,1986-09-29,1241998
342,Matthias,Bachinger,GER,1987-04-02,1219570
1082,James,Ward,GBR,1987-02-09,1218884
43,Yuichi,Sugita,JPN,1988-09-18,1200643
36,Brian,Baker,USA,1985-04-30,1171183
162,John,Millman,AUS,1989-06-14,1151851
571,Jimmy,Wang,TPE,1985-02-08,1143176
51,Nikoloz,Basilashvili,GEO,1992-02-23,1142783
130,James,Duckworth,AUS,1992-01-21,1076096
367,Daniel,Munoz de la Nava,ESP,1982-01-29,1071001
113,Facundo,Bagnis,ARG,1990-02-27,1070920
138,Radu,Albot,MDA,1989-11-11,1066666
266,Inigo,Cervantes,ESP,1989-11-30,1022811
374,Alejandro,Gonzalez,COL,1989-02-07,1017480
85,Marius,Copil,ROU,1990-10-17,1016622
58,Jared,Donaldson,USA,1996-10-09,987476
122,Konstantin,Kravchuk,RUS,1985-02-23,984950
54,Hyeon,Chung,KOR,1996-05-19,973255
139,Gastao,Elias,POR,1990-11-24,967188
419,Adrian,Ungur,ROU,1985-01-22,953229
718,Jesse,Huta Galung,NED,1985-10-06,946839
732,Alex,Kuznetsov,USA,1987-02-05,923666
238,Frederik,Nielsen,DEN,1983-08-27,921570
131,Peter,Gojowczyk,GER,1989-07-15,919446
327,Alexander,Kudryavtsev,RUS,1985-10-26,894387
128,Peter,Polansky,CAN,1988-06-15,861673
1206,Julian,Reister,GER,1986-04-02,858260
452,Thanasi,Kokkinakis,AUS,1996-04-10,828109
80,Jordan,Thompson,AUS,1994-04-20,815307
140,Adrian,Menendez-Maceiras,ESP,1985-10-28,811149
68,Mikhail,Elgin,RUS,1981-10-14,801394
219,Aleksandr,Nedovyesov,KAZ,1987-02-15,800707
169,Vincent,Millot,FRA,1986-01-30,797383
86,Thomas,Fabbiano,ITA,1989-05-26,790519
144,Filip,Krajinovic,SRB,1992-02-27,787545
91,Taro,Daniel,JPN,1993-01-27,784477
274,Austin,Krajicek,USA,1990-06-16,779903
90,Yoshihito,Nishioka,JPN,1995-09-27,776988
120,Taylor,Fritz,USA,1997-10-28,769873
318,David,Guez,FRA,1982-12-08,759067
480,Jurgen,Zopp,EST,1988-03-29,751550
119,Renzo,Olivo,ARG,1992-03-15,737526
969,Takao,Suzuki,JPN,1976-09-20,729199
208,John-Patrick,Smith,AUS,1989-01-24,712080
246,Ze,Zhang,CHN,1990-07-04,707257
105,Marco,Cecchinato,ITA,1992-09-30,687003
149,Andrej,Martin,SVK,1989-09-20,681026
74,Andrey,Rublev,RUS,1997-10-20,661023
142,Bjorn,Fratangelo,USA,1993-07-19,657498
152,Cedrik-Marcel,Stebe,GER,1990-10-09,652910
132,Gerald,Melzer,AUT,1990-07-13,639413
62,Frances,Tiafoe,USA,1998-01-20,638001
280,Andrea,Arnaboldi,ITA,1987-12-27,622219
154,Brydan,Klein,GBR,1989-12-31,617865
241,Blaz,Rola,SLO,1990-10-05,612578
49,Daniil,Medvedev,RUS,1996-02-11,607698
100,Igor,Zelenay,SVK,1982-10-02,599748
361,Bradley,Klahn,USA,1990-08-20,598610
203,Di,Wu,CHN,1991-09-14,596427
361,Jan,Mertl,CZE,1982-01-03,590568
705,Giovanni,Lapentti,ECU,1983-01-25,588402
116,Luca,Vanni,ITA,1985-06-04,565479
103,Thiago,Monteiro,BRA,1994-05-31,560399
46,Franko,Skugor,CRO,1987-09-20,560057
320,Matteo,Viola,ITA,1987-07-07,557862
202,Hiroki,Moriya,JPN,1990-10-16,554940
33,Nikola,Mektic,CRO,1988-12-24,542554
460,Jaroslav,Pospisil,CZE,1981-02-09,527746
244,Andre,Ghem,BRA,1982-05-29,525242
57,Matwe,Middelkoop,NED,1983-09-03,519384
133,Quentin,Halys,FRA,1996-10-26,514152
192,Marco,Trungelliti,ARG,1990-01-31,511912
99,Marton,Fucsovics,HUN,1992-02-08,511862
104,Alessandro,Giannessi,ITA,1990-05-30,508044
1079,Farrukh,Dustov,UZB,1986-05-22,501054
135,Uladzimir,Ignatik,BLR,1990-07-14,493856
569,Alexandre,Sidorenko,FRA,1988-02-18,492431
202,Ti,Chen,TPE,1983-10-03,486975
87,Norbert,Gombos,SVK,1990-08-13,480366
237,Elias,Ymer,SWE,1996-04-10,478168
82,Jonathan,Eysseric,FRA,1990-05-27,476237
155,Roberto,Carballes Baena,ESP,1993-03-23,474124
284,Facundo,Arguello,ARG,1992-08-04,471133
100,Henri,Laaksonen,SUI,1992-03-31,469231
270,Guilherme,Clezar,BRA,1992-12-31,467388
203,Dennis,Novikov,USA,1993-11-06,466462
67,Ernesto,Escobedo,USA,1996-07-04,462622
158,Guido,Andreozzi,ARG,1991-08-05,461570
373,Luke,Saville,AUS,1994-01-02,461378
267,Rhyne,Williams,USA,1991-03-22,460657
123,Adam,Pavlasek,CZE,1994-10-08,457454
212,Yuki,Bhambri,IND,1992-07-04,456423
126,Denys,Molchanov,UKR,1987-05-16,451716
339,Amir,Weintraub,ISR,1986-09-16,447978
154,Jozef,Kovalik,SVK,1992-11-04,439969
507,Lamine,Ouahab,MAR,1984-12-22,438383
50,Andres,Molteni,ARG,1988-03-15,437045
282,Yannick,Mertens,BEL,1987-06-25,429318
95,Nicolas,Kicker,ARG,1992-08-16,420842
73,Matt,Reid,AUS,1990-07-17,414089
143,Mirza,Basic,BIH,1991-07-12,405175
197,Andrew,Whittington,AUS,1993-08-11,403943
1165,Jesse,Witten,USA,1982-10-15,398888
144,Albano,Olivetti,FRA,1991-11-24,393150
75,Hans,Podlipnik-Castillo,CHI,1988-01-09,389552
708,Niels,Desein,BEL,1987-06-09,388528
401,Tsung-Hua,Yang,TPE,1991-03-29,381620
147,Mathias,Bourgue,FRA,1994-01-18,374164
101,Tennys,Sandgren,USA,1991-07-22,366825
206,James,McGee,IRL,1987-06-10,366180
526,Ricardo,Hocevar,BRA,1985-05-09,361529
413,Javier,Marti,ESP,1992-01-11,345996
281,Ante,Pavic,CRO,1989-03-07,343322
240,Zhe,Li,CHN,1986-09-20,340602
352,Maxime,Authom,BEL,1987-03-29,338241
647,Greg,Jones,AUS,1989-01-31,337512
729,Carlos,Salamanca,COL,1983-01-15,335329
227,Steven,Diez,CAN,1991-03-17,335285
142,Alex,Bolt,AUS,1993-01-05,333917
292,Axel,Michon,FRA,1990-12-16,332872
176,Tristan,Lamasine,FRA,1993-03-05,327140
210,Aldin,Setkic,BIH,1987-12-21,326092
129,Stefan,Kozlov,USA,1998-02-01,321326
190,Kimmer,Coppejans,BEL,1994-02-07,307220
368,Liam,Broady,GBR,1994-01-04,302340
183,Noah,Rubin,USA,1996-02-21,300954
150,Pedro,Sousa,POR,1988-05-27,295418
962,Benjamin,Mitchell,AUS,1992-11-30,290352
167,Caio,Zampieri,BRA,1986-05-27,290275
418,Gerard,Granollers,ESP,1989-01-30,286270
115,Arthur,De Greef,BEL,1992-03-27,285647
364,Jordi,Samper-Montana,ESP,1990-04-05,283864
265,Mohamed,Safwat,EGY,1990-09-19,280569
188,Jan,Satral,CZE,1990-07-24,279259
271,Enrique,Lopez-Perez,ESP,1991-06-03,279026
136,Darian,King,BAR,1992-04-26,273459
1287,Jan,Minar,CZE,1981-04-09,270701
106,Laslo,Djere,SRB,1995-06-02,269128
172,Yasutaka,Uchiyama,JPN,1992-08-05,268055
786,Daniel,Cox,GBR,1990-09-28,265733
207,Philip,Bester,CAN,1988-10-06,264037
377,Matthew,Barton,AUS,1991-12-18,263654
244,Agustin,Velotti,ARG,1992-05-24,262626
1873,Ivan,Sergeyev,UKR,1988-01-20,261683
198,Tim,Puetz,GER,1987-11-19,261651
205,Federico,Gaio,ITA,1992-03-05,260294
294,Denis,Matsukevich,RUS,1986-03-28,256766
126,Reilly,Opelka,USA,1997-08-28,254706
168,Ramkumar,Ramanathan,IND,1994-11-08,253892
236,Laurynas,Grigelis,LTU,1991-08-14,250522
432,Saketh,Myneni,IND,1987-10-19,250311
856,Guillermo,Olaso,ESP,1988-03-25,249455
363,Aslan,Karatsev,RUS,1993-09-04,246666
141,Nicolas,Jarry,CHI,1995-10-11,246109
317,Jose,Statham,NZL,1987-04-25,245960
296,Matteo,Donati,ITA,1995-02-28,245208
366,Boy,Westerhof,NED,1985-10-24,244077
488,Romain,Jouan,FRA,1985-07-16,242863
201,Toshihide,Matsui,JPN,1978-04-19,240822
231,Marcelo,Arevalo,ESA,1990-10-17,240120
370,Christian,Lindell,SWE,1991-11-20,239990
569,Alexander,Ward,GBR,1990-04-30,235312
1450,Gregoire,Burquier,FRA,1984-07-08,234988
518,Yan,Bai,CHN,1989-05-21,231722
263,Marcel,Felder,URU,1984-07-09,231362
181,Stefano,Napolitano,ITA,1995-04-11,230353
186,Mitchell,Krueger,USA,1994-01-12,229801
231,Eduardo,Struvay,COL,1990-12-17,227983
182,Lorenzo,Giustino,ITA,1991-09-10,225480
124,Alexander,Bublik,KAZ,1997-06-17,223685
173,Michael,Mmoh,USA,1998-01-10,223370
109,Casper,Ruud,NOR,1998-12-22,222257
642,Alberto,Brizzi,ITA,1984-03-26,220823
440,Nicolas,Barrientos,COL,1987-04-24,218094
252,Omar,Jasika,AUS,1997-05-18,215859
677,Marc,Fornell-Mestres,ESP,1982-01-26,215450
532,Marcus,Willis,GBR,1990-10-09,213158
396,Germain,Gigounon,BEL,1989-04-20,211362
356,Nils,Langer,GER,1990-01-25,207476
63,Roman,Jebavy,CZE,1989-11-16,205412
1783,Michael,Quintero,COL,1980-07-11,205032
164,Jason,Jung,TPE,1989-06-15,202411
146,Stefano,Travaglia,ITA,1991-12-18,202207
160,Egor,Gerasimov,BLR,1992-11-11,201030
358,Laurent,Lokoli,FRA,1994-10-18,200848
826,Antal,Van Der Duim,NED,1987-09-16,199933
268,Sergey,Betov,BLR,1987-10-15,199070
380,Edward,Corrie,GBR,1988-02-21,198836
174,Attila,Balazs,HUN,1988-12-27,198050
1373,Woong-Sun,Jun,KOR,1986-06-14,195307
856,Cristian,Villagran,SUI,1982-01-20,194754
212,Mackenzie,McDonald,USA,1995-04-16,194614
197,Fernando,Romboli,BRA,1989-01-04,194244
290,Tommy,Paul,USA,1997-05-17,193425
221,Grzegorz,Panfil,POL,1988-01-01,192004
350,Miljan,Zekic,SRB,1988-07-12,191555
383,Gregoire,Barrere,FRA,1994-02-16,187452
421,Peter,Torebko,GER,1988-02-10,187132
1277,Marek,Semjan,SVK,1987-11-07,185496
117,Maximilian,Marterer,GER,1995-06-15,184429
552,Artem,Smirnov,UKR,1988-02-02,183611
176,Salvatore,Caruso,ITA,1992-12-15,182985
276,Pedja,Krstin,SRB,1994-09-03,182967
312,Sekou,Bangoura,USA,1991-11-18,181210
161,Denis,Shapovalov,CAN,1999-04-15,181031
153,Duckhee,Lee,KOR,1998-05-29,180319
255,Alexander,Sarkissian,USA,1990-04-03,180307
209,Christian,Garin,CHI,1996-05-30,179651
167,Stefanos,Tsitsipas,GRE,1998-08-12,179385
319,Dzmitry,Zhyrmont,BLR,1989-03-01,177276
482,Mate,Delic,CRO,1993-04-29,176898
710,Laurent,Rochette,FRA,1988-02-05,176848
88,Marc,Polmans,AUS,1997-05-02,176036
385,Emilio,Gomez,ECU,1991-11-28,174323
295,Dennis,Novak,AUT,1993-08-28,173611
111,Kevin,Krawietz,GER,1992-01-24,173416
215,Calvin,Hemery ,FRA,1995-01-28,171387
159,Ilya,Ivashka,BLR,1994-02-24,169318
384,Juan Ignacio,Londero,ARG,1993-08-15,168911
348,Walter,Trusendi,ITA,1985-01-03,167909
108,Dino,Marcan,CRO,1991-02-12,167323
531,Reda,El Amrani,MAR,1988-05-19,167278
873,Andre,Miele,BRA,1987-04-12,166208
228,Alex,de Minaur,AUS,1999-02-17,165324
179,Vishnu,Vardhan,IND,1987-07-27,165289
156,Sebastian,Ofner,AUT,1996-05-12,163355
343,Daniel,Nguyen,USA,1990-10-16,163160
280,Yannik,Reuter,BEL,1991-03-06,161703
186,Fabiano,De Paula,BRA,1988-11-28,160969
409,Yann,Marti,SUI,1988-06-07,160519
300,Kristijan,Mesaros,CRO,1988-07-02,160507
245,Andrea,Collarini,ARG,1992-01-31,159454
266,Filip,Peliwo,CAN,1994-01-30,158848
269,Maxime,Hamou,FRA,1995-06-08,158594
92,Hugo,Nys,FRA,1991-02-16,158527
239,Riccardo,Bellotti,ITA,1991-08-05,156697
279,Christian,Harrison,USA,1994-05-29,156057
98,Jeevan,Nedunchezhiyan,IND,1988-10-20,155836
204,Joris,De Loore,BEL,1993-04-21,154589
509,Daniel,Dutra da Silva,BRA,1988-07-05,154419
272,Jose,Hernandez-Fernandez,DOM,1990-03-13,151729
359,Michal,Konecny,CZE,1989-10-13,151201
676,Adrien,Bossel,SUI,1986-12-28,149944
795,Marcin,Gawron,POL,1988-05-25,149862
1412,Adam,Chadaj,POL,1984-05-01,147491
872,Liang-Chi,Huang,TPE,1992-03-08,146136
588,Gonzalo,Lama,CHI,1993-04-27,145969
393,Jarmere,Jenkins,USA,1990-11-25,145669
746,Sergio,Gutierrez-Ferrol,ESP,1989-03-05,144873
224,Oriol,Roca Batalla,ESP,1993-04-30,144750
65,Andrei,Vasilevski,BLR,1991-05-28,144028
870,Marek,Michalicka,CZE,1986-12-23,143900
316,Gianni,Mina,FRA,1992-02-09,143723
286,Constant,Lestienne,FRA,1992-05-23,143284
327,Petru-Alexandru,Luncanu,ROU,1989-05-07,143094
268,Michael,Linzer,AUT,1989-11-02,143081
295,Roberto,Ortega-Olmedo,ESP,1991-04-30,142685
332,Tomislav,Brkic,BIH,1990-03-09,142523
200,Dmitry,Popko,KAZ,1996-10-24,142196
166,N.Sriram,Balaji,IND,1990-03-18,140234
171,Akira,Santillan,AUS,1997-05-22,139591
83,Antonio,Sancic,CRO,1988-11-23,139249
942,Jason,Kubler,AUS,1993-05-19,139238
177,Nikola,Milojevic,SRB,1995-06-19,138491
398,Dane,Propoggia,AUS,1990-04-24,138454
191,Gleb,Sakharov,FRA,1988-06-10,137756
397,Cristobal,Saavedra-Corvalan,CHI,1990-08-01,136667
275,Marcos,Giron,USA,1993-07-24,136312
843,Roberto,Marcora,ITA,1989-08-30,135887
404,Adam,El Mihdawy,USA,1989-08-09,135882
393,Sanam,Singh,IND,1988-01-11,135103
193,Benjamin,Bonzi,FRA,1996-06-09,134620
223,Blake,Mott,AUS,1996-04-21,133625
1053,Teodor-Dacian,Craciun,ROU,1980-06-06,132727
451,Kento,Takeuchi,JPN,1987-12-19,130940
815,Jose,Pereira,BRA,1991-01-26,128566
355,Ivan,Nedelko,RUS,1986-05-12,127616
277,Cameron,Norrie,GBR,1995-08-23,126737
719,Nicolas,Meister,USA,1989-05-15,124714
564,Yong-Kyu,Lim,KOR,1991-06-18,123837
766,Matteo,Trevisan,ITA,1989-08-13,123382
347,Frederico,Ferreira Silva,POR,1995-03-18,123336
260,Cem,Ilkel,TUR,1995-08-21,122548
324,Markus,Eriksson,SWE,1989-11-29,121846
362,Enzo,Couacaud,FRA,1995-03-01,121041
177,Maximilian,Neuchrist,AUT,1991-07-22,120641
294,Takuto,Niki,JPN,1987-10-12,120577
121,Christopher,Rungkat,INA,1990-01-14,120392
326,Eric,Quigley,USA,1989-01-30,119770
139,Ruan,Roelofse,RSA,1989-11-18,119429
381,Ivan,Endara,ECU,1988-03-04,117915
354,Shuichi,Sekiguchi,JPN,1991-07-15,117362
222,Daniel,Masur,GER,1994-11-06,117297
1783,Harri,Heliovaara,FIN,1989-06-04,116998
574,Erik,Crepaldi,ITA,1990-05-04,116600
1166,Tiago,Lopes,BRA,1986-11-27,115701
384,Marc,Giner,ESP,1991-06-18,115066
151,Oscar,Otte,GER,1993-07-16,114853
365,Kevin,King,USA,1991-02-28,113725
258,Gianluigi,Quinzi,ITA,1996-02-01,112931
209,David,Perez Sanz,ESP,1994-05-15,112593
522,Victor,Baluda,RUS,1992-09-30,112335
1243,Adrian,Sikora,SVK,1988-07-05,111886
205,Roberto,Quiroz,ECU,1992-02-23,110911
136,Fabricio,Neis,BRA,1990-06-15,110106
119,Chu-Huan,Yi,TPE,1987-08-31,108939
328,Alessandro,Bega,ITA,1991-01-11,108801
478,Andriej,Kapas,POL,1989-08-11,108769
410,Marko,Tepavac,SRB,1994-04-05,108376
273,Federico,Coria,ARG,1992-03-09,108173
289,Yannick,Jankovits,FRA,1987-01-06,108018
256,Alexey,Vatutin,RUS,1992-10-27,107801
234,Maxime,Janvier,FRA,1996-10-18,107223
311,Dayne,Kelly,AUS,1990-07-23,106856
514,Nikola,Cacic,SRB,1990-12-07,106577
158,Romain,Arneodo,MON,1992-08-04,105986
199,Evan,King,USA,1992-03-25,105568
392,Sam,Barry,IRL,1992-01-27,105338
592,Yuichi,Ito,JPN,1986-08-06,105293
369,Marc,Sieber,GER,1988-02-28,105118
681,Alexander,Lobkov,RUS,1990-10-07,104930
994,Guillermo,Rivera-Aranguiz,CHI,1989-02-02,104804
770,Sherif,Sabry,EGY,1986-08-29,104549
246,Tomas,Lipovsek Puches,ARG,1993-04-17,104438
116,Bradley,Mousley,AUS,1996-01-03,104306
289,Danilo,Petrovic,SRB,1992-01-24,104243
259,Christopher,O'Connell,AUS,1994-06-03,104163
375,Maverick,Banes,AUS,1992-04-10,103557
330,Maxime,Chazal,FRA,1993-04-24,103204
315,Pedro,Cachin,ARG,1995-04-12,102821
717,Thales,Turini,BRA,1989-07-18,101573
213,Yaraslav,Shyla,BLR,1993-03-05,101046
367,Gavin,Van Peperzeel,AUS,1992-03-29,99689
772,Bastian,Trinker,AUT,1990-05-11,98857
447,Patrik,Rosenholm,SWE,1988-03-05,98688
861,Maximiliano,Estevez,ARG,1989-05-18,98567
578,Chuhan,Wang,CHN,1992-02-24,98170
663,Christopher,Diaz-Figueroa,GUA,1990-03-14,97954
1010,Ivan,Bjelica,SRB,1984-02-15,97844
480,Mauricio,Echazu,PER,1989-01-21,97392
165,Yannick,Hanfmann,GER,1991-11-13,96582
366,Facundo,Mena,ARG,1992-09-22,96451
432,Kittipong,Wachiramanowong,THA,1990-06-25,96201
923,Karan,Rastogi,HKG,1986-10-08,95828
263,Ricardo,Ojeda Lara,ESP,1993-01-26,95280
264,Jaume,Munar,ESP,1997-05-05,94177
195,Joao,Domingues,POR,1993-10-05,94066
112,Cheng-Peng,Hsieh,TPE,1991-09-22,93184
323,Hugo,Dellien,BOL,1993-06-16,92644
447,Takanyi,Garanganga,ZIM,1990-09-06,92172
475,Juan Carlos,Saez,CHI,1991-08-05,92157
198,Vaclav,Safranek,CZE,1994-05-20,91805
1678,Julien,Obry,FRA,1991-09-04,90889
1412,Oh-Hee,Kwon,KOR,1978-06-18,89268
185,Gonzalo,Escobar,ECU,1989-01-20,88541
623,Manuel,Sanchez,MEX,1991-01-05,88069
382,Alexandar,Lazov,BUL,1990-07-09,87675
550,Dimitar,Kuzmanov,BUL,1993-07-28,87039
232,Jeremy,Jahn,GER,1990-04-05,87003
343,Connor,Smith,USA,1990-12-19,86911
342,Luis David,Martinez,VEN,1989-05-12,86794
1431,Tigre,Hank,MEX,1991-09-30,86603
389,Gianluca,Mager,ITA,1994-12-01,86339
497,Robin,Kern,GER,1993-10-03,85629
448,Carlos,Gomez-Herrera,ESP,1990-04-30,85421
403,Vladimir,Ivanov,EST,1987-04-10,85388
961,David,Souto,VEN,1992-03-26,84635
287,Joao Pedro,Sorgi,BRA,1993-10-18,84020
458,Marco,Bortolotti,ITA,1991-01-21,83985
249,N Vijay Sundar,Prashanth,IND,1986-10-27,83909
146,Luke,Bambridge,GBR,1995-01-21,83570
659,Michal,Schmid,CZE,1988-11-28,83066
337,Mikael,Ymer,SWE,1998-09-09,82848
285,Karim-Mohamed,Maamoun ,EGY,1991-04-09,82571
261,Kamil,Majchrzak,POL,1996-01-13,82336
614,Julien,Dubail,BEL,1988-02-14,82081
624,Martin,Cuevas,URU,1992-01-14,81830
887,Daniel,Yoo,KOR,1985-09-25,81496
504,Filip,Horansky,SVK,1993-01-07,81149
224,Viktor,Galovic,CRO,1990-09-19,81108
340,Yuya,Kibi,JPN,1986-07-23,81061
1074,Jules,Marie,FRA,1991-09-01,80950
199,Yannick,Maden,GER,1989-10-28,80839
439,Nicolas,Santos,BRA,1988-01-05,79636
325,Alexandre,Muller,FRA,1997-02-01,79568
486,Edoardo,Eremin,ITA,1993-10-05,79118
435,Juan,Lizariturry,ESP,1991-04-20,78518
439,Bruno,Santanna,BRA,1993-07-12,78265
401,Alexis,Musialek,FRA,1988-07-04,77966
717,Ji Sung,Nam,KOR,1993-08-15,77856
492,Ryan,Shane,USA,1994-04-15,77326
949,Ranjeet,Virali-Murugesan,IND,1985-09-30,76567
899,Arata,Onozawa,JPN,1988-04-28,76380
523,Wilson,Leite,BRA,1991-11-06,76012
217,Vladyslav,Manafov,UKR,1993-04-22,75798
464,Tak Khunn,Wang,FRA,1991-10-13,75708
210,David,Vega Hernandez,ESP,1994-06-23,75255
164,Zdenek,Kolar,CZE,1996-10-09,75170
386,Cheong-Eui,Kim,KOR,1990-03-23,74839
213,Brayden,Schnur,CAN,1995-07-04,74833
251,Nicolaas,Scholtz,RSA,1991-02-05,74392
769,Richard,Gabb,GBR,1992-02-12,73237
377,Juan Pablo,Paz,ARG,1995-01-04,72983
141,Luca,Margaroli,SUI,1992-02-15,72911
258,Isak,Arvidsson,SWE,1992-08-06,72745
226,Xin,Gao,CHN,1994-05-12,72246
218,Ruben,Gonzales,PHI,1985-09-11,72210
223,Goncalo,Oliveira,POR,1995-02-17,71871
496,Dennis,Nevolo,USA,1989-12-22,71534
1322,Alexandre,Folie,BEL,1990-01-31,71367
184,Soon Woo,Kwon,KOR,1997-12-02,71000
484,Matija,Pecotic,CRO,1989-07-03,70578
1001,Sandro,Ehrat,SUI,1991-04-18,70486
522,Omar,Giacalone,ITA,1992-01-11,70256
803,Bowen,Ouyang,CHN,1992-05-19,70254
253,Sanjar,Fayziev,UZB,1994-07-29,70230
772,Miki,Jankovic,SRB,1994-09-26,69795
763,Vadim,Alekseenko,UKR,1983-05-19,69735
935,Ricardo,Rodriguez - Pace,VEN,1993-04-28,69610
626,Anil,Yuksel,TUR,1990-05-19,69333
750,Riccardo,Sinicropi,ITA,1990-09-12,69106
436,Remi,Boutillier,FRA,1990-01-15,68869
454,Julien,Cagnina,BEL,1994-06-04,68233
510,Temur,Ismailov,UZB,1995-01-14,68073
610,Juan Sebastian,Gomez,COL,1992-03-05,68022
379,Lorenzo,Sonego,ITA,1995-05-11,67337
262,Federico,Zeballos,BOL,1988-05-30,67234
298,Tallon,Griekspoor,NED,1996-07-02,67212
810,Filippo,Leonardi,ITA,1987-12-22,66768
438,Andres,Artunedo Martinavarro,ESP,1993-09-14,66526
538,Hiroyasu,Ehara,JPN,1991-06-18,66083
551,Mikhail,Fufygin,RUS,1990-05-13,66053
214,Prajnesh,Gunneswaran,IND,1989-11-12,66040
1783,Daniel,Lustig,CZE,1984-11-25,65778
472,Carlos,Boluda-Purkiss,ESP,1993-01-22,65593
713,Lucas,Gomez,MEX,1995-08-11,65518
675,Luis,Patino,MEX,1993-10-06,65311
204,Lucas,Miedler,AUT,1996-06-21,65185
733,Anton,Zaitcev,RUS,1987-07-22,64997
402,Lloyd,Glasspool,GBR,1993-11-19,64440
928,Jaime,Pulgar-Garcia,ESP,1989-04-05,64383
546,Zhizhen,Zhang,CHN,1996-10-16,64225
1238,Yassine,Idmbarek,MAR,1986-12-07,64217
1145,Hyun-Woo,Nam,KOR,1985-01-09,64149
647,Pirmin,Haenle,GER,1988-10-31,63927
283,Jay,Clarke,GBR,1998-07-27,62757
469,Finn,Tearney,NZL,1990-09-27,62608
591,Claudio,Fortuna,ITA,1990-04-19,62527
395,Kaichi,Uchida,JPN,1994-08-23,62497
216,Daniel,Altmaier,GER,1998-09-12,62482
562,Neil,Pauffley,GBR,1990-03-29,62474
272,Sadio,Doumbia,FRA,1990-09-12,62147
422,Milos,Sekulic,SWE,1989-11-04,61835
219,Gregoire,Jacq,FRA,1992-11-09,61673
625,Felipe,Mantilla,COL,1993-05-10,60872
424,Juan Ignacio,Galarza,ARG,1994-03-18,60831
299,Tucker,Vorster,RSA,1988-09-03,60140
1030,Yu,Chang,CHN,1988-08-14,59321
1628,Jerome,Inzerillo,FRA,1990-02-15,59227
727,Sebastien,Boltz,FRA,1993-04-05,59028
506,Ricardo,Urzua-Rivera,CHI,1989-02-10,58778
715,Denis,Yevseyev,KAZ,1993-05-22,58375
840,Collin,Altamirano,USA,1995-12-07,58153
446,Harry,Bourchier,AUS,1996-01-24,56884
233,Petr,Michnev,CZE,1989-08-03,56752
406,Pascal,Brunner,AUT,1989-06-11,56524
859,Aleksandre,Metreveli,GEO,1993-08-10,56226
701,Johan,Tatlot,FRA,1996-03-26,56191
566,Gabriel Alejandro,Hidalgo,ARG,1990-08-06,56112
443,Antoine,Escoffier,FRA,1992-02-29,55969
229,Matteo,Berrettini,ITA,1996-04-12,55753
323,Pol,Toledo Bague,ESP,1994-12-22,55580
462,Pedro,Sakamoto,BRA,1993-06-29,55504
423,Evgeny,Karlovskiy,RUS,1994-08-07,55184
326,Raymond,Sarmiento,USA,1992-07-24,54946
349,Daniel Elahi,Galan,COL,1996-06-18,54407
715,Eduardo,Dischinger,BRA,1992-05-18,54312
559,Issam Haitham,Taweel,EGY,1989-07-10,53937
1678,Tihomir,Grozdanov,BUL,1987-04-29,53888
826,Gaston-Arturo,Grimolizzi,ARG,1986-06-03,53800
767,Carlos Eduardo,Severino,BRA,1990-12-05,53778
787,Francois-Arthur,Vibert,FRA,1990-08-03,53707
291,Ilija,Vucic,SRB,1990-10-17,53702
631,James,Marsalek,GBR,1992-04-05,53539
357,Volodoymyr,Uzhylovskyi,UKR,1988-03-25,53507
513,Hernan,Casanova,ARG,1994-02-06,53166
674,Ryusei,Makiguchi,JPN,1991-05-03,52979
1181,Elie,Rousset,FRA,1989-09-05,52967
629,Mateo Nicolas,Martinez,ARG,1994-03-05,52952
215,Hans,Hach Verdugo,MEX,1989-11-11,52124
520,Markos,Kalovelonis,RUS,1994-05-18,51905
334,Corentin,Moutet,FRA,1999-04-19,51873
699,Karunuday,Singh,IND,1990-11-19,51728
592,Robin,Stanek,CZE,1995-01-03,51509
663,Miliaan,Niesten,NED,1988-06-27,51395
408,Dragos,Dima,ROU,1992-06-16,50977
405,Clement,Geens,BEL,1996-03-11,50972
502,Peter,Kobelt,USA,1990-11-17,50917
578,Yecong,He,CHN,1994-02-15,50887
275,Pedro,Martinez,ESP,1997-04-26,50460
386,Cristian,Rodriguez,COL,1990-06-24,50012
461,Yannick,Vandenbulcke,BEL,1990-07-18,49821
1357,Gleb,Alekseenko,UKR,1983-05-19,49588
1154,Deiton,Baughman,USA,1996-04-23,49466
1783,Philipp,Davydenko,RUS,1992-09-02,49293
845,Scott,Griekspoor,NED,1991-01-10,49245
895,Kirill,Dmitriev,RUS,1991-08-09,49102
221,Felix,Auger-Aliassime,CAN,2000-08-08,49102
304,Mats,Moraing,GER,1992-06-20,48923
262,Edan,Leshem,ISR,1997-03-19,48792
310,Ivan,Gakhov,RUS,1996-11-04,48777
601,Albert,Alcaraz Ivorra,ESP,1995-05-15,48543
328,Mario,Vilella Martinez,ESP,1995-07-03,48515
483,Jan,Choinski,GER,1996-06-10,48467
400,Evgeny,Tyurnev,RUS,1997-04-08,48059
1140,Duje,Kekez,CRO,1993-03-30,47571
220,Nino,Serdarusic,CRO,1996-12-13,47524
953,Pavel,Krainik,CAN,1992-09-28,47449
1049,Richard,Muzaev,RUS,1992-03-21,47354
530,Sami,Reinwein,GER,1992-05-29,47260
281,Max,Purcell,AUS,1998-04-03,47216
460,Alexander,Igoshin,RUS,1992-01-10,47080
425,Fajing,Sun,CHN,1996-10-03,47068
1117,Peter,Heller,GER,1992-08-12,47057
137,Sander,Gille,BEL,1991-01-15,46741
1038,Karim,Hossam,EGY,1994-04-08,46668
734,Filip,Veger,CRO,1994-12-21,46651
581,Yusuke,Watanuki,JPN,1990-05-20,46503
391,Dekel,Bar,ISR,1993-03-15,46352
320,Niels,Lootsma,NED,1994-08-15,46196
1534,Michael,Look,AUS,1987-11-24,46190
640,Caio,Silva,BRA,1991-10-15,46186
448,Riccardo,Bonadio,ITA,1993-07-13,45963
503,Francesco,Vilardo,ITA,1989-12-28,45792
777,Tomislav,Jotovski,MKD,1990-10-27,45669
1702,Mousa Shanan,Zayed,QAT,1994-03-09,45566
1056,Francesco,Picco,ITA,1991-01-01,45554
196,Scott,Clayton,GBR,1994-02-11,45474
558,Andre,Gaspar Murta,POR,1994-08-08,45344
703,Nicola,Ghedin,ITA,1988-09-26,45304
255,Lloyd,Harris,RSA,1997-02-24,45226
395,Alejandro,Gomez,COL,1991-08-14,45194
553,Alexios,Halebian,USA,1994-06-08,45158
785,Marcos,Giraldi Requena,ESP,1993-11-26,45006
831,Dejan,Katic,SRB,1988-03-07,44953
509,Andrea,Basso,ITA,1993-10-08,44758
467,Jorge,Montero,CHI,1990-09-21,44746
765,Florian,Fallert,GER,1992-05-25,44717
1487,Josko,Topic,CRO,1983-12-08,44529
278,Marek,Jaloviec,CZE,1994-02-21,44275
415,Altug,Celikbilek,TUR,1996-09-07,44238
434,Lorenzo,Frigerio,ITA,1989-02-17,44169
502,Jui-Chen,Hung,TPE,1990-03-01,44117
124,Steven,De Waard,AUS,1991-05-05,44070
1592,Vijayant,Malik,IND,1990-02-14,44006
344,Marvin,Netuschil,GER,1991-07-02,43473
542,Romain,Barbosa,BEL,1994-04-17,43419
571,Mick,Lescure,FRA,1993-06-02,43339
516,Bastian,Malla,CHI,1996-09-22,43261
915,Shonigmatjon,Shofayziyev,UZB,1993-06-30,43112
325,Fred,Simonsson,SWE,1994-11-27,42345
681,Libor,Salaba,CZE,1992-08-26,42255
402,Marat,Deviatiarov,UKR,1994-04-19,42201
260,Antoine,Hoang,FRA,1995-11-04,41936
583,Alexander,Zhurbin,RUS,1992-01-14,41884
403,Victor-Mugurel,Anagnastopol,ROU,1986-03-23,41766
1229,Abdullah,Maqdes,KUW,1987-03-31,41750
752,Tom,Kocevar-Desman,SLO,1990-07-10,41717
497,Vasile,Antonescu,ROU,1990-03-24,41669
1873,Alexandre,Penaud,FRA,1987-05-20,41546
491,Orlando,Luz,BRA,1998-02-08,41544
233,Jonny,O'Mara,GBR,1995-03-02,41405
391,Geoffrey,Blancaneaux,FRA,1998-08-08,41274
467,Alexander,Vasilenko,RUS,1995-02-26,41186
588,Maxime,Tabatruong,FRA,1989-09-24,40999
418,Jared,Hiltzik,USA,1994-07-08,40927
296,Matej,Sabanov,CRO,1992-06-25,40895
301,Carlos,Taberner,ESP,1997-08-08,40790
356,Mariano,Kestelboim,ARG,1996-02-06,40785
770,Sho,Katayama,JPN,1989-05-12,40649
307,Bernabe,Zapata Miralles,ESP,1997-01-12,40557
331,Sebastian,Fanselow,GER,1991-12-30,40478
1569,Patrik,Brydolf,SWE,1991-11-27,40451
247,Franco,Agamenone,ARG,1993-04-15,40345
544,Evan,Song,USA,1992-06-07,40299
306,Sumit,Nagal,IND,1997-08-16,40287
1206,Lauri,Kiiski,FIN,1980-10-10,40189
572,Eduard,Esteve Lobato,ESP,1994-09-18,39807
525,Pablo,Vivero Gonzalez,ESP,1995-04-26,39656
779,Pietro,Licciardi,ITA,1994-05-17,39651
685,George,Von Massow,GER,1990-03-21,39296
282,Timur,Khabibulin,KAZ,1995-08-02,38928
505,Masato,Shiga,JPN,1991-08-08,38924
749,Pietro,Rondoni,ITA,1993-11-03,38884
242,Nicola,Kuhn,ESP,2000-03-20,38884
910,Tomislav,Ternar,SLO,1990-09-16,38838
1127,Jung-Woong,Na,KOR,1992-10-31,38817
1678,Augusto,Laranja,BRA,1992-04-15,38689
427,Lukas,Mugevicius,LTU,1994-12-07,38618
490,Jaume,Pla Malfeito,ESP,1995-06-03,38567
595,Jean-Marc,Werner,GER,1990-06-21,38525
481,Peter,Nagy,HUN,1992-03-17,38309
1596,Mauricio,Astorga,MEX,1991-06-19,38292
299,Hubert,Hurkacz,POL,1997-02-11,38257
1151,Stanislav,Poplavskyy,UKR,1991-04-02,38111
371,Lenny,Hampel,AUT,1996-12-24,38027
128,Joran,Vliegen,BEL,1993-07-07,37821
630,Antoine,Bellier,SUI,1996-10-18,37687
1252,Mubarak Shannan,Zayid,QAT,1995-04-14,37648
445,Marcelo,Zormann,BRA,1996-06-10,37563
971,Jorge,Hernando Ruano,ESP,1987-06-03,37476
459,Christopher,Eubanks,USA,1996-05-05,37461
292,Sergio,Martos Gornes,ESP,1994-10-19,37432
553,Adelchi,Virgili,ITA,1990-03-10,37409
479,Mikelis,Libietis,LAT,1992-07-09,37165
512,Hong,Chung,KOR,1993-05-16,36951
428,Yan,Sabanin,RUS,1990-01-31,36779
1563,Daniel,Glancy,IRL,1988-11-13,36511
657,Maciej,Smola,POL,1993-03-24,36423
466,Christopher,Heyman,BEL,1993-10-08,36278
845,Giorgio,Portaluri,ITA,1990-09-12,36163
440,Ljubomir,Celebic,MNE,1991-09-15,36020
648,Jacob,Grills,AUS,1995-06-18,35978
416,Sasi Kumar,Mukund,IND,1997-01-14,35918
1612,Tyler,Hochwalt,USA,1989-02-05,35475
1596,Eduardo,Peralta-Tello,MEX,1989-04-15,34928
1678,Marcus,Fugate,USA,1988-01-22,34813
1309,Alexandre,Tsuchiya,BRA,1992-12-05,34681
1154,Toby,Martin,GBR,1993-02-19,34678
512,Wishaya,Trongcharoenchaikul,THA,1995-04-08,34496
1028,Vinayak Sharma,Kaza,IND,1991-03-28,34482
346,Fabien,Reboul,FRA,1995-09-09,34453
568,Pascal,Meis,GER,1993-06-11,34342
860,Pawel,Cias,POL,1994-02-22,34099
175,David,Pel,NED,1991-07-09,34057
264,David,Pichler,AUT,1996-02-19,34009
123,Andreas,Mies,GER,1990-08-21,33933
385,Nathan,Pasha,USA,1992-07-15,33914
1214,Dorian,Descloix,FRA,1988-03-14,33827
900,Goncalo,Falcao,POR,1988-02-22,33638
1044,Ricardo,Villacorta-Alonso,ESP,1985-04-24,33573
251,Yusuke,Takahashi,JPN,1997-10-17,33554
741,Florent,Diep,FRA,1991-09-24,33515
474,Denys,Mylokostov,UKR,1993-04-05,33270
881,Davide,Della Tommasina,ITA,1990-04-07,33108
463,Filippo,Baldi,ITA,1996-01-10,33097
1334,Franjo,Raspudic,CRO,1990-11-15,32954
500,Viktor,Durasovic,NOR,1997-03-19,32626
306,Jordi,Munoz-Abreu,VEN,1990-01-17,32429
1678,Leon,Frost,AUS,1984-01-17,32427
599,Tim,Van Rijthoven,NED,1997-04-24,32418
1078,Matthieu,Roy ,FRA,1989-09-22,32381
317,Benjamin,Lock,ZIM,1993-03-04,32347
710,Martins,Podzus,LAT,1994-06-29,32323
489,Tobias,Simon,GER,1991-05-18,32279
276,Shintaro,Imai,JPN,1993-09-07,32242
909,Daniiar,Duldaev,KGZ,1992-10-27,32190
627,Gibril,Diarra,AUT,1990-05-26,32114
617,Patrik,Fabian,SVK,1994-03-20,32042
550,Dominik,Kellovsky,CZE,1996-07-24,31736
1534,Isaac,Frost,AUS,1989-01-06,31652
826,Tom,Schonenberg,GER,1991-06-15,31447
884,Andrew,Harris,AUS,1994-03-07,31440
762,Michael,Geerts,BEL,1995-01-17,31155
559,Jonas,Merckx,BEL,1993-10-04,30986
457,Juan Pablo,Varillas,PER,1995-10-06,30981
888,Alban,Meuffels,NED,1992-08-24,30883
555,Miguel,Semmler,ESP,1997-05-02,30702
495,Wil,Spencer,USA,1989-09-08,30662
466,Sang-Woo,Noh,KOR,1992-11-25,30646
397,Roman,Safiullin,RUS,1997-08-07,30586
445,Corentin,Denolly,FRA,1997-06-06,30446
415,Hugo,Grenier,FRA,1996-03-23,30429
200,Gabor,Borsos,HUN,1991-06-30,30210
804,Yanais,Laurent,FRA,1992-06-06,30173
641,Samuel,Bensoussan,FRA,1991-11-18,30092
303,Victor Vlad,Cornea,ROU,1993-09-24,30005
1007,Clay,Thompson,USA,1992-05-04,30004
554,Alessandro,Petrone,ITA,1990-12-23,29961
804,Mohit Mayur,Jayaprakash,IND,1993-09-14,29802
572,Sidharth,Rawat,IND,1993-04-21,29705
463,Makoto,Ochi,JPN,1996-05-03,29689
1873,Henrik,Sillanpaa,FIN,1991-01-24,29542
644,Rigele,Te,CHN,1997-10-09,29410
470,Juan Pablo,Ficovich,ARG,1997-01-24,29372
680,Amine,Ahouda,MAR,1997-09-11,29370
943,Vasko,Mladenov,BUL,1989-07-30,29349
493,Seong-chan,Hong,KOR,1997-06-30,29306
898,Javier,Pulgar-Garcia,ESP,1989-04-05,29249
735,Louis,Wessels,GER,1998-08-27,29100
482,Anis,Ghorbel,TUN,1989-04-24,28928
1873,Lucas,Renard,SWE,1992-09-30,28886
493,Andrea,Pellegrino,ITA,1997-03-23,28872
1118,Yuqing,Ning,CHN,1994-05-09,28838
748,Min-Hyeok,Cho,KOR,1987-01-17,28793
259,Andrea,Vavassori,ITA,1995-05-05,28709
1306,Andrei,Levine,RUS,1988-09-11,28634
579,Antonio,Massara,ITA,1995-09-16,28624
478,Matias Franco,Descotte,ARG,1994-08-29,28606
590,Young Seok,Kim,KOR,1995-05-12,28574
619,Gonzalo,Villanueva,ARG,1995-01-13,28558
923,Mike,Urbanija,SLO,1989-12-26,28543
637,Francisco,Bahamonde,ITA,1996-11-07,28519
694,Nerman,Fatic,BIH,1994-10-24,28494
632,Colin,Van Beem,NED,1992-04-28,28167
336,Botic,Van de Zandschulp,NED,1995-10-04,27847
436,Thomas,Fancutt,AUS,1995-02-25,27832
335,Dominik,Koepfer,GER,1994-04-29,27671
453,Farris Fathi,Gosea,GBR,1994-03-03,27633
1130,Alessandro,Colella,ITA,1992-02-10,27613
619,Danylo,Kalenichenko,UKR,1994-02-02,27534
1141,Andrew,Carter,USA,1990-03-28,27521
1016,Mico,Santiago,USA,1994-03-11,27509
549,Vitaly,Kozyukov,RUS,1994-06-02,27493
487,Tomas,Papik,CZE,1994-04-13,27464
661,Johannes,Haerteis,GER,1996-02-22,27414
557,Cheng-Yu,Yu,TPE,1995-04-02,27367
1115,Bar Tzuf,Botzer,ISR,1994-03-02,27229
589,Thomas,Statzberger,AUT,1992-09-27,27203
575,Jonas,Luetjen,GER,1990-08-13,27102
625,Nik,Razborsek,SLO,1993-10-04,27077
620,Jonathan,Kanar,FRA,1994-09-19,27030
596,Lennert,Van Der Linden,NED,1989-07-29,26952
669,Jorge,Panta,PER,1995-07-22,26943
500,Matias,Zukas,ARG,1996-05-04,26933
1317,Vignesh,Peranamallur,IND,1987-11-06,26754
1137,Eduardo Agustin,Torre,ARG,1994-10-18,26737
1506,Dominik,Suc,CZE,1990-09-19,26677
394,Adam,Majchrowicz,POL,1991-10-05,26624
705,Jurabek,Karimov,UZB,1998-06-04,26370
1506,Matteo,Fago,ITA,1987-10-14,26144
633,Jelle,Sels,NED,1995-08-10,26129
579,Laslo,Urrutia Fuentes,CHI,1990-03-22,25967
1153,Dmytro,Badanov,UKR,1988-01-19,25891
541,Johan,Nikles,SUI,1997-03-23,25798
755,Luca,Pancaldi,ITA,1993-06-21,25761
740,Peter,Goldsteiner,AUT,1990-07-31,25728
425,Chandril,Sood,IND,1991-02-20,25660
720,Sarp,Agabigun,TUR,1997-06-12,25657
613,Pruchya,Isarow,THA,1995-10-16,25614
529,Kuan-Yi,Lee,TPE,1996-09-09,25446
321,Joao,Monteiro,POR,1993-12-27,25396
1078,Ryan,Haviland,USA,1980-12-12,25379
345,Miomir,Kecmanovic,SRB,1999-08-31,25369
987,Gengo,Kikuchi,JPN,1991-11-07,25214
655,Carl,Soderlund,SWE,1997-06-03,25148
360,Alvaro,Lopez San Martin,ESP,1997-06-02,25094
1588,Danila,Arsenov,RUS,1989-06-09,25092
706,Min-Kyu,Song,KOR,1990-08-25,25008
307,Hunter,Reese,USA,1993-01-11,24974
1080,Sebastian,Serrano,COL,1987-04-24,24898
1297,Borja,Rodriguez Manzano,ESP,1992-02-11,24894
678,Omar,Salman,BEL,1996-04-22,24835
582,Jonathan,Mridha,SWE,1995-04-08,24820
735,Mark,Fynn,ZIM,1985-04-16,24689
556,Thai-Son,Kwiatkowski,USA,1995-02-13,24667
999,Riccardo,Maiga,SUI,1989-07-05,24635
726,Viktor,Filipenko,HUN,1991-09-25,24577
1321,Anton,Galkin,RUS,1991-12-24,24452
841,Filipe,Brandao,BRA,1991-12-13,24440
1026,Tim,Van Terheijden,NED,1990-01-20,24374
488,George,Tsivadze,GEO,1993-01-02,24340
390,Marcelo Tomas,Barrios Vera,CHI,1997-12-10,24308
985,Alex,Blumenberg,BRA,1992-05-15,24267
313,Mikael,Torpegaard,DEN,1994-05-08,24265
1330,Dylan Seong Kwan,Kim,KOR,1985-05-13,24039
1036,Theo,Fournerie,FRA,1997-03-06,24029
698,Darren K.,Polkinghorne,AUS,1993-02-26,23921
458,Scott,Puodziunas,AUS,1989-11-09,23897
657,Kevin,Griekspoor,NED,1991-01-10,23868
380,Oscar Jose,Gutierrez,BRA,1993-04-25,23714
381,Jakob,Sude,GER,1991-06-18,23612
527,Julian,Lenz,GER,1993-02-17,23599
756,Issei,Okamura,JPN,1992-05-26,23580
768,Martin,Redlicki,USA,1995-08-24,23560
728,Daniel,Nolan,AUS,1997-03-12,23476
1051,Tom,Farquharson,GBR,1992-02-12,23243
481,Nuno,Deus,POR,1995-05-07,23122
489,Christoph,Negritu,GER,1994-03-21,22886
618,Vadym,Ursu,UKR,1997-01-01,22787
606,Yunseong,Chung,KOR,1998-03-27,22745
534,Naoki,Nakagawa,JPN,1996-11-19,22664
452,Rafael,Matos,BRA,1996-01-06,22499
776,Adria,Mas Mascolo,ESP,1993-03-23,22390
1186,Francesco,Garzelli,ITA,1991-04-05,22299
426,Yosuke,Watanuki,JPN,1998-04-12,22244
706,Ronan,Joncour,FRA,1997-01-27,22207
814,Roman,Khassanov,KAZ,1996-09-07,22165
829,Tal,Goldengoren,ISR,1996-04-16,22082
734,Hyun-Joon,Kim,KOR,1987-10-27,21860
667,David,Poljak,CZE,1996-05-17,21806
444,Nicolae,Frunza,ROU,1997-11-15,21728
1873,Anoosha,Shahgholi,IRI,1981-11-10,21650
695,Maciej,Rajski,POL,1991-05-03,21645
1072,Dante,Gennaro,ARG,1993-05-14,21586
757,Loic,Perret,SUI,1994-06-08,21501
1364,Nico,Matic,GER,1992-01-01,21490
563,Mor,Bulis,ISR,1996-04-18,21458
955,Juan Ignacio,Ameal,ARG,1994-05-08,21454
573,Mircea-Alexandru,Jecan,ROU,1988-06-02,21288
702,Gonzales,Austin,USA,1992-11-05,21257
813,Muhammet,Haylaz,TUR,1995-10-26,21229
982,Ilya,Lebedev,RUS,1990-08-01,21183
517,Levente,Godry,HUN,1992-04-17,21100
697,Cristian,Carli,ITA,1996-03-25,21099
515,Alex,Molcan,SVK,1997-12-01,21093
936,Simeon,Rossier,SUI,1995-01-15,21080
1236,Ty,Trombetta,USA,1990-05-21,20985
830,Connor,Farren,USA,1994-10-03,20890
1561,Maxime,Tchoutakian,FRA,1994-01-03,20830
1032,Kelsey,Stevenson,CAN,1990-05-29,20820
1180,Daniele,Capecchi,ITA,1995-10-11,20793
1137,Vladimir,Polyakov,RUS,1994-06-18,20745
1076,Oliver,Anderson,AUS,1998-04-30,20735
499,Soichiro,Moritani,JPN,1994-08-12,20604
812,Christian,Hirschmueller,GER,1993-03-11,20378
479,Andrei Stefan,Apostol,ROU,1995-02-25,20304
523,Ben,Patael,ISR,1997-06-02,20089
801,Jordan,Ubiergo,FRA,1993-07-27,19964
700,Joao,Menezes,BRA,1996-12-17,19951
671,Lucas,Catarina,MON,1996-08-26,19921
696,Darko,Jandric,SRB,1994-09-02,19858
1242,Mehdi,Jdi,MAR,1988-12-13,19840
799,Nick,Chappell,USA,1992-09-19,19782
585,Daniel,Cukierman,ISR,1995-07-09,19773
1069,Alejandro,Mendoza,BOL,1990-02-02,19636
885,Alexander,Ritschard,SUI,1994-03-24,19603
511,Moez,Echargui,TUN,1993-01-10,19560
476,Nam Hoang,Ly,VIE,1997-02-25,19538
687,Elmar,Ejupovic,GER,1993-02-01,19373
771,Cameron,Silverman,USA,1992-05-11,19346
742,Gianluca,Di Nicola,ITA,1995-12-07,19284
475,Thomas,Brechemier,FRA,1996-06-28,19273
764,Ryota,Tanuma,JPN,1995-09-22,19210
1389,Damon,Gooch,RSA,1986-07-11,19190
1665,Mauricio,Alvarez-Guzman,CHI,1987-07-10,19133
379,Jacopo,Stefanini,ITA,1996-04-11,19132
784,Kunal,Anand,IND,1992-06-02,19122
792,Winston,Lin,USA,1993-04-25,19039
1215,Dmitry,Surchenko,RUS,1990-05-02,18945
2038,Samuel,Ribeiro Navarrete,ESP,1993-06-12,18850
611,Pavel,Nejedly,CZE,1993-02-13,18818
1292,Romain,Sichez,FRA,1990-09-24,18806
998,Federico,Maccari,ITA,1994-02-07,18702
1292,Ronald,Slobodchikov,RUS,1993-12-04,18556
539,Ilya,Vasilyev,RUS,1996-06-22,18429
1230,Zhuoyang,Qiu,CHN,1996-06-23,18337
1003,Juraj,Masar,SVK,1992-07-10,18292
1147,Diego,Hidalgo,ECU,1993-04-18,18214
1561,Nicolas Alberto,Arreche,ARG,1994-09-15,18193
621,Davide,Galoppini,ITA,1994-10-24,18192
726,Filipp,Kekercheni,UKR,1995-08-10,18181
632,Alejandro,Tabilo,CHI,1997-06-02,18160
679,Jose Fco.,Vidal Azorin,ESP,1993-06-12,18068
616,Katsuki,Nagao,JPN,1989-04-14,18059
678,Jake,Delaney,AUS,1997-05-14,17743
420,Youssef,Hossam,EGY,1998-06-03,17737
904,Luka,Ilic,SRB,1995-03-10,17734
907,Leon,Schutt,GER,1993-11-11,17726
666,Franco Emanuel,Egea,ARG,1996-01-01,17716
451,Adrian,Bodmer,SUI,1995-03-06,17698
990,Victor,Nunez,CHI,1991-05-25,17669
910,Calum,Puttergill,AUS,1993-10-22,17613
856,Timon,Reichelt,GER,1989-05-19,17602
852,Bastian,Wagner,GER,1994-07-16,17310
543,Fabrizio,Ornago,ITA,1992-04-24,17251
477,Jules,Okala,FRA,1997-08-18,17201
574,Roberto,Cid Subervi,DOM,1993-08-30,17124
1021,Franco,Feitt,ARG,1992-09-03,17074
718,Jeroen,Vanneste,BEL,1994-01-17,17050
449,Vit,Kopriva,CZE,1997-06-15,17013
2064,Vasco,Mensurado,POR,1994-04-01,16996
347,Julian,Ocleppo,ITA,1997-08-01,16980
1359,David,Fleming,CHI,1992-04-05,16859
643,Igor,Smilansky,ISR,1995-03-26,16835
642,David Agung,Susanto,INA,1991-07-21,16796
1288,Patrick,Ofner,AUT,1993-05-06,16787
543,Jannis,Kahlke,GER,1994-06-09,16734
1128,Zhaoyi,Cao,CHN,1993-12-05,16540
656,Karol,Drzewiecki,POL,1995-11-01,16456
764,Skander,Mansouri,TUN,1995-07-23,16452
593,Martin,Beran,CAN,1995-11-27,16425
2038,Antonio,Campo,ITA,1993-08-04,16421
789,Alexis,Klegou,BEN,1989-01-25,16400
938,Alon,Elia,ISR,1995-06-12,16339
846,Maxim,Ratniuk,RUS,1996-04-28,16290
716,Alberto,Romero De Avila Senise,ESP,1997-12-03,16262
474,Daniel,Appelgren,SWE,1996-05-06,16246
775,Raleigh,Smith,USA,1991-10-15,16236
577,Baptiste,Crepatte,FRA,1994-09-21,16225
629,Alex,Rybakov,USA,1997-01-27,16183
1309,Janis,Podzus,LAT,1994-06-29,16155
716,Goran,Markovic,SRB,1995-09-17,16143
1373,Duncan,Mugabe,UGA,1990-11-27,16077
998,Collin,Johns,USA,1993-06-15,16060
1956,Charalampos,Kapogiannis,GRE,1990-01-13,16046
531,Herkko,Pollanen,FIN,1994-07-21,15998
1534,Daniel,Uhlig,GER,1991-07-28,15938
788,Hugo,Di Feo,CAN,1995-04-18,15744
1657,Wei Qiang,Zheng,CHN,1996-06-22,15664
958,Manuel,Pena Lopez,ARG,1998-02-10,15648
599,Jumpei,Yamasaki,JPN,1997-07-02,15612
536,Sora,Fukuda,JPN,1997-10-03,15579
972,Bobbie,De Goeijen,NED,1992-07-05,15561
1192,Aoxiong,Wang,CHN,1995-05-09,15500
631,Alexandar,Lazarov,BUL,1997-11-06,15492
461,Jea Moon,Lee,KOR,1993-07-02,15452
682,Shane,Vinsant,USA,1993-10-25,15436
686,Peter,Bothwell,IRL,1995-09-28,15433
1064,Romain,Bauvy,FRA,1994-06-29,15419
1090,Joffrey,De Schepper,FRA,1991-09-16,15398
358,Felipe,Cunha-Silva,POR,1997-03-31,15364
905,Thibault,Venturino,FRA,1989-04-29,15343
796,Aleksandar,Vukic,AUS,1996-04-06,15320
811,Paul,Woerner,GER,1996-08-23,15309
1089,Patrick,Daciek,USA,1990-03-09,15269
1091,David,Volfson,CAN,1997-09-14,15237
1087,Demian,Raab,GER,1993-07-20,15137
1483,Sefa,Suluoglu,TUR,1995-05-08,15129
774,John,Lamble,USA,1992-03-31,15124
1348,Jeson,Patrombon,PHI,1993-03-27,15054
674,Jae-Min,Seol,KOR,1990-01-15,15046
650,Tung-Lin,Wu,TPE,1998-05-12,14993
813,Santiago,Maresca,URU,1994-09-14,14945
623,Hugo,Voljacques,FRA,1992-12-30,14928
1101,Alberto,Cammarata,ITA,1993-04-08,14918
919,Juan Manuel,Benitez Chavarriaga,COL,1995-09-22,14918
1364,Petros,Chrysochos,CYP,1996-04-08,14915
753,Shunrou,Takeshima,JPN,1990-08-25,14829
871,Ronnie,Schneider,USA,1994-09-27,14799
407,Francis Casey,Alcantara,PHI,1992-02-04,14792
1334,Pol,Wattanakul,THA,1995-08-03,14742
762,Michal,Dembek,POL,1997-08-07,14739
800,Aoran,Wang,CHN,1997-02-05,14708
1309,Filip,Brtnicky,CZE,1992-04-25,14657
778,Yurii,Dzhavakian,UKR,1993-05-07,14630
1085,Sagadat,Ayap,KAZ,1995-05-25,14604
780,Austin,Smith,USA,1993-11-25,14590
1678,Petar,Trendafilov,BUL,1984-09-11,14479
694,Tim,Kopinski,USA,1993-06-02,14379
1243,Alan,Kohen,ARG,1993-04-20,14245
1180,Ryota,Kishi,JPN,1993-06-30,14232
828,Jeremy,Beale,AUS,1994-10-04,14221
616,Raul,Brancaccio,ITA,1997-05-04,14216
1072,Aaron,Addison,AUS,1995-11-12,14122
879,Jaime,Fermosell Delgado,ESP,1997-12-06,14118
587,Renta,Tokuda,JPN,1998-03-29,14117
375,Adrian,Andrzejczuk,POL,1996-03-18,14104
775,Ken,Onishi,JPN,1996-02-18,14080
535,Hunter,Callahan,USA,1992-12-21,14069
751,Zihao,Xia,CHN,1997-01-30,14068
916,Alessandro,Luisi,ITA,1989-11-04,14060
1033,Keelan,Oakley,GBR,1992-01-21,14032
1063,Petar,Conkic,SRB,1996-05-17,14001
1198,Martin,Blasko,SVK,1996-01-07,13923
944,John,Mcnally,USA,1998-10-18,13848
1163,Artur,Dubinski,BLR,1996-03-27,13785
755,Ivan,Davydov,RUS,1996-10-18,13771
931,Dominic,Weidinger,AUT,1995-01-11,13708
661,Yibing,Wu,CHN,1999-10-14,13576
1159,Aaron,Cortes Alcaraz,ESP,1994-11-02,13550
1205,Aria,Harajchi,SUI,1996-03-28,13541
1101,Timur,Kiyamov,RUS,1996-10-30,13489
854,Oleg,Khotkov,UKR,1990-03-11,13471
671,James,Frawley,AUS,1994-03-29,13430
1301,Bogdan Ionut,Apostol,ROU,1996-01-17,13359
1446,Ayoub,Chakrouni,MAR,1991-06-10,13340
837,Olexiy,Kolisnyk,UKR,1996-04-30,13327
1004,Jose Daniel,Bendeck,COL,1990-12-24,13209
1119,Marvin,Moeller,GER,1999-01-18,13146
924,Hannes,Wagner,GER,1995-10-25,13141
410,Matej,Vocel,CZE,1997-05-20,13133
1183,Eric,Johnson,USA,1993-02-17,13062
1424,Oliver,Hudson,GBR,1993-08-25,13046
1569,Amirvala,Madanchi,IRI,1994-07-17,12932
690,Jose,Olivares,DOM,1997-01-08,12902
711,Dragos Nicolae,Madaras,SWE,1997-09-12,12888
800,Lukas,Ruepke,GER,1993-07-06,12864
1412,Zach,Itzstein,AUS,1988-09-02,12803
891,Masaki,Sasai,JPN,1989-08-22,12745
584,Igor,Marcondes,BRA,1997-06-16,12692
1031,Nils,Brinkmann,GER,1992-06-25,12644
743,Bogdan,Borza,ROU,1997-04-05,12642
697,Samuel,Monette,CAN,1994-01-14,12588
635,Marek,Gengel,CZE,1995-09-17,12573
810,Dominik,Boehler,GER,1996-02-21,12562
1037,Niki,Kaliyanda Poonacha,IND,1995-04-27,12537
585,Roy,De Valk,NED,1991-12-30,12508
560,Daniil,Zarichanskiyy,UKR,1998-01-01,12490
764,Haadin Salim,Bava,IND,1994-12-03,12461
556,Alejandro,Davidovich Fokina,ESP,1999-06-05,12336
693,Evan,Furness,FRA,1998-08-13,12302
1873,Mikolaj,Jedruszczak,POL,1993-08-27,12266
1317,Manuel,Mazzella,ITA,1991-12-24,12234
991,Michel,Vernier,CHI,1992-09-27,12219
1592,Phassawit,Burapharitta,THA,1992-12-24,12180
703,Alexander,Merino,PER,1992-08-31,12118
674,Szymon,Walkow,POL,1995-09-22,12093
761,Dane,Webb,USA,1992-12-29,12087
1228,Xi,Qi,CHN,1996-08-09,12075
867,Orel,Ovil,ISR,1996-10-20,12029
991,Ruikai,Wang,CHN,1992-08-06,12018
392,Nathaniel,Lammons,USA,1993-08-12,11929
1013,Simon,Navarro,CHI,1992-02-08,11917
833,Wei-De,Lin,TPE,1996-02-05,11906
1094,Quinnton,Vega,USA,1992-11-22,11874
668,Aziz,Dougaz,TUN,1997-03-26,11820
834,Billy,Harris,GBR,1995-01-25,11726
915,Bogdan,Bobrov,RUS,1997-09-16,11648
1010,Pavel,Tsoy,UZB,1995-09-19,11616
1673,Christoffer,Solberg,SWE,1994-02-01,11610
1149,Yuanfeng,Li,CHN,1993-11-10,11586
758,Aron,Hiltzik,USA,1996-04-17,11538
833,Santiago Fa,Rodriguez Taverna,ARG,1999-07-16,11490
929,Jirat,Navasirisomboon,THA,1996-11-17,11416
882,David,Jorda Sanchis,ESP,1994-06-14,11374
700,Louis,Tessa,FRA,1998-04-06,11370
964,Jae Hwan,Kim,KOR,1994-09-23,11359
1544,Shahin,Khaledan,IRI,1990-06-07,11312
643,Nicholas S.,Hu,USA,1994-04-24,11301
1446,Xiao,Gong,CHN,1992-01-05,11221
1431,Imran,Aswat,GBR,1995-05-27,11166
1431,Vasil,Kirkov,USA,1999-03-13,11139
1873,Tommaso,Lago,ITA,1992-04-09,11067
1130,Ju-Hae,Moon,KOR,1988-05-30,11049
1171,Clifford,Enosoregbe,NGR,1990-10-19,11026
1068,Giovanni,Rizzuti,ITA,1995-05-13,11024
849,Fran Zvonimir,Zgombic,CRO,1996-01-24,10995
1066,Gabriel,Petit,FRA,1995-08-22,10994
558,Antun,Vidak,CRO,1993-05-12,10979
1005,Khumoyun,Sultanov,UZB,1998-10-27,10964
722,Julian,Onken,GER,1988-05-29,10908
1142,Vullnet,Tashi,SUI,1993-01-10,10812
1107,Harshana,Godamanna,SRI,1985-10-31,10760
866,Gian Marco,Moroni,ITA,1998-02-13,10751
933,Joshua,Paris,GBR,1996-03-06,10727
1643,Stefan,Borg,SWE,1983-06-15,10658
1563,Yuki,Matsuo,JPN,1990-10-15,10656
865,Chan-yeong,Oh,KOR,1998-06-27,10638
1016,Paul,Monteban,NED,1993-01-18,10630
848,Raphael,Baltensperger,SUI,1997-12-18,10592
607,Domagoj,Biljesko,CRO,1997-06-28,10563
565,Liam,Caruana,ITA,1998-01-22,10532
771,Patrik,Niklas-Salminen,FIN,1997-03-05,10512
1138,Esteban ,Bruna,CHI,1995-01-19,10496
664,Nebojsa,Peric,SRB,1992-08-18,10470
1419,Zhao,Cai,CHN,1994-07-05,10403
1783,Woo-Ram,Kim,KOR,1985-08-07,10395
696,Lukas,Ollert,GER,1992-11-25,10322
1446,Jessy,Kalambay,SUI,1992-10-30,10301
1506,Piotr,Lomacki,POL,1995-11-28,10287
684,Patrik,Nema,SVK,1997-10-25,10284
527,Bernardo,Saraiva,POR,1993-08-06,10277
914,Nicolo,Turchetti,ITA,1996-05-29,10257
723,Gijs,Brouwer,NED,1996-03-14,10253
1446,Aljaz,Radinski,SLO,1995-06-08,10178
1204,Simone,Roncalli,ITA,1996-05-08,10116
1783,Paul,Cayre,FRA,1995-04-26,10055
1271,Kazuma,Kawachi,JPN,1994-10-11,10035
1873,Alexander,Perfilov,RUS,1985-05-17,10018
1183,Ken,Onoda,JPN,1988-04-13,10013
1643,Jae-Won,Choi,KOR,1989-09-29,10009
864,Sebastian,Prechtel,GER,1996-05-14,9994
594,JC,Aragone,USA,1995-06-28,9964
1678,Fabio,Mercuri,ITA,1994-02-09,9963
645,Francesco,Moncagatto,ITA,1993-06-21,9907
1224,Tom,Fawcett,USA,1995-10-18,9904
1027,Su Hao,Zhong,CHN,1997-03-19,9871
950,Dan,Dowson,GBR,1996-05-31,9844
761,Elliot,Benchetrit,FRA,1998-10-02,9826
975,Guillermo,Nunez,CHI,1995-07-22,9804
707,Kenneth,Raisma,EST,1998-04-03,9780
285,Sem,Verbeek,NED,1994-04-12,9763
719,Brandon,Walkin,AUS,1994-08-16,9727
1040,Mikhail,Korovin,RUS,1996-02-26,9613
1296,Dmitro,Kamynin,UKR,1989-10-28,9582
832,Jonathan,Gray,GBR,1997-04-09,9500
683,Oleksandr,Bielinskyi,UKR,1994-05-01,9470
1783,Luciano,Doria,ARG,1993-01-27,9462
1844,Junior A.,Ore ,USA,1992-09-08,9461
914,Mateusz,Terczynski,POL,1996-03-02,9459
1027,Dragos Constantin,Ignat,ROU,1993-02-13,9458
750,Alexei,Popyrin,AUS,1999-08-05,9452
820,Manuel,Guinard,FRA,1995-11-15,9438
850,Francisco,Cabral,POR,1997-01-08,9379
1186,Jacob,Kahoun,SUI,1992-04-05,9346
1398,Stijn,Meulemans,BEL,1992-06-26,9336
638,Yu  Hsiang,Chiu,TPE,1994-11-05,9298
782,Denis,Kapric,GER,1994-08-24,9283
1660,Suraj R,Prabodh,IND,1995-01-08,9265
413,Robert,Galloway,USA,1992-09-24,9258
1105,Andrew,Ruppli,SUI,1995-02-22,9236
1045,Ryan James,Storrie,GBR,1998-02-28,9178
1065,Hyung-Chan,Lim,KOR,1985-11-14,9141
2038,Adam,Thornton-Brown,GBR,1991-05-15,9132
724,Ugo,Humbert,FRA,1998-06-26,9091
1353,Bruno,Mardones,ESP,1995-12-19,9080
1678,Robert,Carter,GBR,1993-07-13,9078
812,Bernd,Kossler,AUT,1993-07-13,9058
818,Giorgio,Ricca,ITA,1995-02-27,9040
739,Kamil,Gajewski,POL,1995-02-05,9007
888,Adrian,Obert,GER,1995-03-19,8958
652,Milan,Drinic,SRB,1997-10-16,8940
1260,Sheng Hao,Zhou,CHN,1996-10-07,8866
1656,Vitalii,Shcherba,UKR,1997-03-24,8856
1257,Ram,Kapach,ISR,1997-01-28,8846
654,Nuno,Borges,POR,1997-02-19,8838
1569,Yuriy,Kryvoy,UKR,1995-01-27,8826
1533,Punnakrit,Kritakara,THA,1993-06-03,8811
721,Pavel,Kotov,RUS,1998-11-18,8811
1060,Enrico,Dalla Valle,ITA,1998-03-21,8808
747,Kaito,Uesugi,JPN,1995-06-02,8788
1147,Dennis,Uspensky,USA,1996-10-22,8752
1217,Or,Ram-Harel,ISR,1995-02-01,8748
1261,Yasha,Zemel,ISR,1998-08-26,8614
1624,Ji Hoon,Son,KOR,1994-09-09,8610
1176,Filippo,Borella,ITA,1993-07-19,8598
1104,Gregorio,Cordonnier,ARG,1996-02-02,8577
1103,Shahar,Elbaz,ISR,1997-02-03,8564
826,Lukas,Klein,SVK,1998-03-22,8560
1272,Saida'Lo,Saidkarimov,UZB,1997-09-24,8520
966,Federico,Moreno,ARG,1994-08-05,8509
724,Joel,Cannell,GBR,1997-11-27,8499
1238,Robbie,Ridout,GBR,1995-04-19,8441
1348,Maksim,Malyshev,RUS,1992-04-12,8425
1089,Ivan,Kosec,SVK,1991-04-15,8402
1434,Shahbaaz,Khan,IND,1992-07-04,8402
709,Rishab,Agarwal,IND,1995-12-05,8359
1676,Yannai,Barkai,ISR,1997-03-17,8354
1124,Shinta,Fujii,JPN,1988-11-22,8325
1783,Darius Florin,Bragusi,ROU,1993-06-18,8307
969,Eros,Siringo,ITA,1991-05-21,8302
1242,Juan,Montes,COL,1996-10-05,8225
2064,Ciprian Alexandru,Porumb,ROU,1993-01-24,8221
1190,Peter,Vajda,SVK,1996-05-10,8144
809,Hong Kit,Wong,HKG,1998-08-30,8066
922,Benjamin,Sigouin,CAN,1999-06-03,8044
982,Rhett,Purcell,GBR,1996-02-06,8002
634,Nathan,Eshmade,AUS,1994-04-18,7999
1168,Vincent,Van den Honert,NED,1993-04-20,7964
1084,Lucas,Bouquet,FRA,1997-08-05,7950
796,Marc-Andrea,Huesler,SUI,1996-06-24,7933
1158,Maksim,Tikhomirov,USA,1990-07-10,7930
1873,Christian Florentin,Voinea,ROU,1980-11-12,7861
2098,Daniel,Mora,COL,1996-06-21,7819
635,Oleg,Prihodko,UKR,1997-10-03,7812
876,Aryan,Goveas,IND,1998-07-09,7804
1131,Shalva,Dzhanashia,RUS,1992-08-26,7797
496,Boris,Arias,BOL,1993-11-09,7790
612,Genaro Alberto,Olivieri,ARG,1998-08-04,7776
1353,Congsup,Congcar,THA,1996-08-21,7762
1401,Nicholas,Reyes,USA,1995-01-17,7731
952,Fernando,Yamacita,BRA,1997-10-01,7730
968,Wilfredo,Gonzalez,GUA,1993-01-06,7682
1275,Jayesh,Pungliya,IND,1996-09-22,7643
1073,George,Botezan,ROU,1997-02-05,7626
1113,Mark,Whitehouse,GBR,1993-05-01,7605
1783,Robert,Constantinovici,NED,1995-03-01,7565
1643,Daniel,Tamir,ISR,1996-04-14,7564
1637,Khalid,Allouch,MAR,1991-06-03,7436
1528,Marshall,Tutu,GBR,1992-03-13,7435
1231,Majed,Kilani,TUN,1997-01-01,7404
816,Maxime,Mora,FRA,1997-03-26,7391
704,Javier,Barranco Cosano,ESP,1998-11-17,7346
795,Andre,Goransson,SWE,1994-04-30,7336
1006,Marcelo,Plaza,CHI,1994-01-27,7331
1667,Keisuke,Numajiri,JPN,1995-09-25,7269
1440,Luis,Britto,BRA,1993-06-23,7260
1053,Strahinja,Rakic,SRB,1996-03-30,7253
1534,Keisuke,Watanuki,JPN,1993-11-19,7253
1487,Quentin,Robert,FRA,1994-08-24,7245
825,Leny,Mitjana,FRA,1994-08-01,7238
548,Piotr,Matuszewski,POL,1998-04-22,7230
1146,Shunsuke,Wakita,JPN,1995-07-26,7212
1637,Vitaliy,Sachko,UKR,1997-07-14,7167
655,Mitchell William,Robins,AUS,1996-07-13,7106
1233,Filip,Dolezel,CZE,1993-05-29,7103
1098,Calin,Manda,ROU,1998-04-03,7072
2038,Hugo,Schott,FRA,1996-09-05,7068
1612,Dong-Kyu,Lee,KOR,1987-08-23,7044
660,Borna,Gojo,CRO,1998-02-27,7038
1233,Alexander,Lebedyn,UKR,1996-04-25,7015
862,Felipe,Meligeni Rodrigues Alves,BRA,1998-02-19,6991
1678,Tilen,Zitnik,SLO,1991-07-02,6990
1062,Tiago,Cacao,POR,1998-02-28,6966
1012,Davide,Pontoglio,ITA,1992-07-02,6953
1174,Farzin Danny,Amiri,USA,1995-11-04,6896
967,Pierre,Faivre,FRA,1996-02-12,6834
1096,Ondrej,Krstev,CZE,1997-06-13,6826
1473,Ivan,Liutarevich,BLR,1996-02-20,6814
1005,Eero,Vasa,FIN,1997-02-01,6800
912,Isaiah,Strode,USA,1997-09-15,6794
1486,Victor,Poncelet,BEL,1997-12-26,6770
1534,Keivon,Tabrizi,SUI,1996-07-23,6732
1435,Vladimir,Korolev,RUS,1995-09-06,6727
1783,Batyr,Sapaev,UZB,1991-07-24,6671
577,Camilo,Ugo Carabelli,ARG,1999-06-17,6652
976,Francesco,Ferrari,ITA,1997-06-22,6630
917,Florian,Lakat,FRA,1995-08-03,6623
924,Benjamin,Hannestad,DEN,1997-02-14,6614
1019,Marc,Dijkhuizen,NED,1996-04-01,6574
1080,Max,Wennakoski,FIN,1990-02-16,6552
1285,Jack Mingjie,Lin,CAN,1999-04-15,6533
1006,Clement,Larriere,FRA,1997-05-21,6443
941,Krisjanis,Stabins,LAT,1989-06-28,6439
1485,Isa,Mammetgulyyev,TKM,1997-01-08,6434
992,Alexander,Erler,AUT,1997-10-27,6428
1472,Christian,Samuelsson,SWE,1996-01-09,6414
778,Dominic,Cotrone,USA,1993-08-04,6405
1088,Jonathan,Chang,USA,1991-08-11,6382
668,Yuki,Mochizuki,JPN,1997-11-23,6271
841,Emil,Reinberg,USA,1997-04-20,6251
863,Jordan,Correia,BRA,1997-07-05,6248
1135,Vincent,Jaensch-Mueller,GER,1994-02-13,6220
1628,Aditya Hari,Sasongko,INA,1988-07-04,6207
908,Zsombor,Piros,HUN,1999-10-13,6202
891,Fredrik,Ask,NOR,1990-09-05,6198
1673,Alexandru Catalin,Marasin,ROU,1991-05-06,6181
1309,Jose Fernando,Carvajal Torres,COL,1998-03-20,6154
1507,Patrik,Rikl,,1999-01-06,6137
2002,Riaan,Du Toit,CAN,1994-04-15,6102
1873,Jakub,Filipsky,CZE,1995-06-12,6078
893,Ulises,Blanch,USA,1998-03-25,6072
930,Petr,Hajek,CZE,1997-03-12,6064
1956,Eduardo Yahir,Orozco Rangel,MEX,1992-05-29,6050
1094,Kirill,Kivattsev,RUS,1997-10-10,6032
1144,Cesar,Testoni,FRA,1995-10-04,6026
1349,Nino,Portales,FRA,1996-12-28,5979
1183,Young-Hoon,Jeong,KOR,1989-07-28,5970
731,Thien,Nguyen Hoang,VIE,1995-03-12,5970
1563,Marko,Osmakcic,SUI,1998-08-10,5967
773,Shao-Fan,Liu,TPE,1997-01-30,5936
1678,Abel,Hernandez-Aguila,ESP,1989-08-30,5925
1446,Stanislav,Korshunov,RUS,1994-11-11,5920
1034,Matteo,Tinelli,ITA,1997-02-05,5918
1956,Andrey,Yakovlev,RUS,1992-08-18,5916
1364,Spencer,Papa,USA,1995-10-22,5914
1003,Michael,Zhu,USA,1992-08-12,5878
1142,Victor,Ouvrard,FRA,1992-05-13,5874
992,Cing-Yang,Meng,TPE,1998-07-19,5848
1252,Andre,Biro,HUN,1996-02-29,5833
893,Sylvester,Emmanuel,NGR,1998-04-04,5823
1628,Motvey,Radionov,ISR,1997-05-21,5806
803,Michiel,De Krom,NED,1998-06-27,5787
1873,Jan,Zednik,CZE,1993-01-05,5754
1060,Alejandro,Ibanez Gallego,ESP,1997-03-31,5749
1646,Mostafa,Hatem,EGY,1994-10-16,5736
1460,Antoine,Walch,FRA,1993-10-29,5706
1637,Facundo,Jofre,ARG,1995-02-09,5659
1678,Morgan,Johansson,SWE,1994-03-29,5652
2002,Melik,Feler,FRA,1994-03-16,5621
989,Rui-Xuan,Wang,CHN,1996-03-27,5620
1033,Corrado,Summaria,ITA,1998-02-08,5612
1025,Strong,Kirchheimer,USA,1995-04-26,5612
1243,Mousheg,Hovhannisyan,USA,1991-10-04,5604
1017,Mirko,Cutuli,ITA,1996-05-16,5582
1014,Kristian,Lozan,RUS,1998-10-26,5554
960,Alexis,Gautier,FRA,1997-04-07,5536
1064,Alexander,Ovcharov,RUS,1998-06-17,5534
1312,Andrea,Grazioso,ITA,1993-06-23,5512
1114,Dmitry,Mnushkin,RUS,1996-04-29,5510
1656,Ivar Jose,Aramburu Contreras,MEX,1994-03-21,5506
1012,Sergey,Fomin,UZB,2001-02-01,5494
1569,Nizar,Belmati,MAR,1993-04-23,5482
1534,William,Bushamuka,USA,1996-01-24,5461
1147,Tomas,Gerini,ARG,1995-07-20,5448
1657,Marcus,Mansson,SWE,1995-08-16,5446
1678,Brian,Orradre,ARG,1992-02-23,5445
1472,Luis Diego,Chavez Villalpando,ESP,1995-10-24,5436
1198,Jorge,Lopez Perez Fuster,ESP,1997-05-22,5422
1563,Gage,Brymer,USA,1995-02-07,5410
1592,Bart,Van Den Berg,NED,1993-07-25,5408
1152,Denis,Klok,RUS,1998-05-26,5408
1506,Alexander,Day,CAN,1995-09-10,5398
1126,Artem,Dubrivnyy,RUS,1999-01-31,5388
1265,Rayane,Roumane,FRA,2000-09-11,5371
926,Riccardo,Balzerani,ITA,1998-10-25,5370
1083,Artur,Shakhnubaryan,RUS,1996-08-16,5327
1372,Thibault,Cancel,FRA,1997-09-17,5298
1389,Michal,Franek,CZE,1988-11-22,5292
1246,Robbie,Mudge,USA,1993-04-06,5284
1272,Gabriel,Donev,BUL,1996-06-29,5272
1024,Dalwinder,Singh,IND,1996-04-25,5263
1467,Flemming,Peters,GER,1995-10-24,5251
1398,Matej,Maruscak,SVK,1995-01-17,5249
1678,Juan Ignacio,Iliev,ARG,1993-07-23,5242
1054,Ahmed Deedat,Abdul Razak,MAS,1995-06-18,5236
983,Paco,Climent Gregori,ESP,1998-10-02,5234
934,Louis,Chaix,FRA,1995-05-14,5233
925,Miguel,Semedo,POR,1996-04-23,5231
1076,Darko,Bojanovic,BIH,1997-02-08,5217
712,Luke,Johnson,GBR,1994-03-18,5211
1029,Siddharth,Vishwakarma,IND,1994-10-07,5200
1873,Diego-Jose,Manrique-Velazquez,ESP,1989-07-23,5179
965,Johann,Willems,GER,1995-01-12,5172
1956,Henry,Atseye,NGR,1989-02-25,5158
1472,Aleksei,Khomich,BLR,1997-01-10,5158
1048,Henry,Craig,USA,1994-10-10,5154
1068,Mikalai,Haliak,BLR,1998-08-14,5154
1122,Koichi,Sano,JPN,1988-09-21,5144
1302,Ku Keon,Kang,KOR,1997-01-02,5131
736,Kacper,Zuk,POL,1999-01-21,5126
1056,Maxim,Tybar,BLR,1998-06-01,5106
1873,Alexander,Mannapov,GER,1995-04-21,5081
962,Tommaso,Gabrieli,ITA,1993-06-20,5071
1592,Mikael,Riondy,FRA,1992-02-23,5069
1383,Blake,Ellis,AUS,1999-01-06,5066
1322,Zeljko,Milovic,SRB,1996-04-01,5064
1321,Franco,Capalbo,ARG,1997-12-26,5061
1412,Tejas,Chaukulkar,IND,1989-10-24,5047
906,Yshai,Oliel,ISR,2000-01-05,5042
1095,Dimitriy,Voronin,RUS,1999-05-28,5024
781,Valentin,Vacherot,FRA,1998-11-16,5022
1085,Ioannis,Stergiou,GRE,1995-04-03,5014
1015,Jolan,Cailleau,BEL,1995-06-28,4974
1302,Nicholas,Horton,AUS,1995-03-18,4962
947,Brandon,Holt,USA,1998-04-06,4957
916,Arthur,Rinderknech,FRA,1995-07-23,4956
1660,Alp,Sentay,TUR,1998-10-08,4954
1109,Seong-Gook,Oh,KOR,1992-04-23,4954
1098,Matvey,Khomentovskiy,RUS,1994-08-25,4954
1412,Kody,Pearson,AUS,1999-07-26,4948
1196,Alejandro,Artunedo,ESP,1996-07-31,4928
889,Sho,Shimabukuro,JPN,1997-07-30,4891
1412,Juan Pablo,Canas Garcia,ESP,1997-03-08,4878
1563,Marcel,Waloch,AUT,1994-11-17,4872
2002,Andrei,Patrui,ROU,1996-07-01,4855
999,Andres Gabriel,Ciurletti,ITA,1998-01-04,4832
1293,Hao,Wu,CHN,1997-02-14,4830
990,Guy,Den Heijer,NED,1997-03-30,4829
501,Mateusz,Smolicki,POL,1997-10-10,4814
1461,Seung-Ri,Choi,KOR,1990-06-23,4806
1126,Antonio,Zucca,ITA,1992-04-11,4791
1873,Fabian,Van Der Lans,NED,1995-10-29,4776
1278,Quim,Sorni Chavarria,ESP,1997-04-02,4770
1131,Andrea,Guerrieri,ITA,1998-12-03,4760
1563,Moritz,Dettinger,GER,1991-01-24,4758
867,Vladyslav,Orlov,UKR,1995-05-17,4739
2091,Arturs,Lazdins,LAT,1997-04-09,4734
1288,Rodrigo,Arus,URU,1995-02-20,4728
1665,Neven,Krivokuca,CRO,1995-09-15,4710
2002,Leo Julien,Sebaoun,JPN,1995-04-06,4708
1107,Leonardo,Telles,BRA,1995-11-14,4685
1592,Henrik,Wiersholm,USA,1997-03-27,4684
1660,Li-Wie,Tan,TPE,1995-09-03,4672
966,Thomas,Setodji,FRA,1995-10-13,4658
963,Joy,Vigani,ITA,1996-10-12,4630
1398,Felix,Corwin,USA,1996-05-26,4618
1328,Gary,Kushnirovich,USA,1991-06-20,4595
2038,Edan,Bakshi,ISR,1997-12-12,4583
797,Tae-Woo,Lee,KOR,1991-12-19,4558
1956,Christian,Paul,NGR,1994-11-26,4528
798,Sam,Riffice,USA,1999-03-01,4510
1956,Joseph Imeh,Ubon,NGR,1997-05-09,4505
1192,Benjamin,Pietri,FRA,1996-07-31,4494
752,Hunter,Johnson,USA,1994-06-02,4476
1348,Jakob,Johansson-Holm,SWE,1995-05-15,4468
1233,Julius,Tverijonas,LTU,1994-06-14,4460
1112,Chien-hsun,Lo,TPE,1998-11-15,4442
1274,Anirudh,Chandrasekar,IND,1998-07-11,4439
1201,Luca,Prevosto,ITA,1998-09-09,4420
1022,Manish,Sureshkumar,IND,1999-08-13,4419
1015,Keegan,Smith,USA,1998-06-23,4372
855,Tristan,Meraut,FRA,1995-12-27,4356
1341,Alexis,Canter,GBR,1998-06-03,4336
947,Riley,Smith,USA,1997-06-05,4327
1337,Alexandru Vasile,Manole,ROU,1998-09-21,4324
1043,Soren,Hess-Olesen,DEN,1991-01-09,4303
1637,Ivan,Krivic,CRO,1990-04-03,4302
817,Jurij,Rodionov,AUT,1999-05-16,4293
1502,Harrison,Adams,USA,1994-05-25,4291
1956,Delf,Gohlke,GER,1993-06-25,4282
1660,Akram,El Sallaly,EGY,1997-11-13,4278
953,Lukas,Vejvara,CZE,1997-03-26,4272
1017,Conor,Berg,USA,1991-08-17,4268
604,Justin,Barki,INA,2000-05-26,4268
892,Rrezart,Cungu,MNE,1998-07-18,4255
1592,Luciano,Betella,ARG,1995-11-23,4254
1009,Mate,Valkusz,HUN,1998-08-13,4253
1306,Boris,Pokotilov,RUS,1997-05-27,4250
1667,Luke,Oakley,GBR,1997-05-29,4248
1119,Jie,Cui,CHN,1998-01-24,4232
1095,Frederik,Press,GER,1995-04-04,4219
1114,Matteo,Martineau,FRA,1999-01-16,4218
862,Alen,Avidzba,RUS,2000-02-24,4212
1192,Alexandru,Danes,FRA,1993-11-06,4212
890,Pak Long,Yeung,HKG,1995-02-14,4182
921,Patrick,Kypson,USA,1999-10-28,4181
1956,Vladimir,Filip,ROU,1995-07-31,4166
1673,Nikolay,Kolobaev,ISR,1998-05-01,4152
1343,Benjamin,Dhoe,BEL,1996-08-20,4140
1317,Tadas,Babelis,LTU,1997-02-25,4124
1592,Zhao-Tai,Li,CHN,1994-03-14,4124
1297,Sharobiddin,Abzalov,UZB,1998-02-19,4109
1135,Jordan,Hasson,ISR,1999-10-12,4106
1334,Camilo Andres,Erazo,COL,1996-12-27,4106
1233,Santiago,Villarruel,ARG,1996-12-17,4066
1337,Alexander,Weis,ITA,1997-04-24,4064
1030,Mirko,Martinez,SUI,1998-04-03,4062
1409,Jonas,Trinker,AUT,1995-08-29,4054
977,Chun Hun,Wong,HKG,1995-10-30,4053
1678,Laurens,Verboven,BEL,1997-04-18,4052
1696,Chanchai,Sookton-eng,AUS,1996-08-25,4050
1343,Alejo,Vilaro,ARG,1995-09-26,4032
1141,Philipp,Schroll,AUT,1996-06-12,4026
1592,Thomas,Otu,NGR,1993-11-30,3996
2002,Ivan,Goluza,AUS,1995-05-29,3994
1181,Sergiu Ioan,Bucur,ROU,1997-04-11,3962
1637,Alessandro,Ceppellini,ITA,1996-10-07,3951
1268,Gorazd,Srbljak,MKD,1997-08-24,3940
1265,Sergi,Perez Contri,ESP,1998-01-20,3930
1487,Jose Antonio,Rodriguez Rodriguez,MEX,1995-04-24,3928
875,Alberto,Barroso Campos,ESP,1996-06-04,3923
1248,Patcharapol,Kawin,THA,1997-05-22,3905
2002,Piotr,Grynkowski,POL,1992-06-12,3904
1241,Luca,Gelhardt,GER,1994-12-28,3900
1334,Giovanni,Fonio,ITA,1998-05-07,3886
1186,Masaya,Kobayashi,JPN,1997-09-22,3886
1506,Serge,Becerra Jeria,CAN,1994-11-29,3885
1783,Francesco,Bessire,ITA,1994-02-21,3882
1118,Joan,Soler,FRA,1990-08-18,3877
926,Rudolf,Molleker,GER,2000-10-26,3856
1173,David,Szintai,HUN,1997-06-09,3856
1361,Maxime,Pauwels,BEL,1998-07-31,3838
1383,S D Prajwal,Dev,IND,1996-05-27,3833
1473,Nathan,Seateun,FRA,1997-06-25,3820
1334,Milos,Nikolic,SRB,1997-12-26,3817
1302,Benjamin,Hassan,GER,1995-02-04,3797
1534,Mihail,Khaldeev,RUS,1994-09-06,3784
1297,Robert,Willekes Macdonald,NED,1994-12-07,3780
935,Dusty H.,Boyer,USA,1993-07-02,3759
1317,Hugo,Daubias,FRA,1996-05-02,3750
1389,Maxime,Petel,FRA,1997-04-21,3735
1060,Giovani,Samaha,LIB,1994-07-14,3709
1482,Duarte,Vale,POR,1999-01-11,3708
1649,Loic,Juszczak,BEL,1997-02-21,3698
1013,Ewan,Moore,GBR,1998-03-09,3681
1873,Yuya,Ito,JPN,1997-01-09,3668
1380,Dae-Hee,Lee,KOR,1991-04-06,3662
1260,Nicolas,Xiviller,URU,1998-11-11,3662
1183,Amit,Gabreal,ISR,1999-09-17,3650
1282,Karue,Sell,BRA,1993-11-13,3648
1373,Valentin,Nourrissat,FRA,1991-08-09,3647
1446,Agustin,Suarez Gonzalez,ARG,1993-04-13,3634
1161,Tomas,Stillman,USA,1992-10-22,3631
981,Evan,Zhu,USA,1998-08-15,3604
1506,Andrew,Watson,GBR,1996-08-28,3585
932,Quentin,Folliot,FRA,1998-12-31,3566
1534,Geronimo,Espin Busleiman,ARG,1997-12-02,3544
1081,Michail,Pervolarakis,CYP,1996-06-06,3497
1284,A.J.,Catanzariti,USA,1995-08-21,3488
1446,Hugo,Pontico,FRA,1997-10-19,3484
979,Logan,Smith,USA,1996-10-29,3462
1112,Sergio Luis,Hernandez Ramirez,COL,1999-08-28,3460
1409,Mert Naci,Turker,TUR,1998-08-16,3460
1487,Jan,Poskocil,AUT,1989-05-27,3445
1450,Runhao,Hua,CHN,1996-03-06,3406
2002,Antoine,Leduc,CAN,1988-01-24,3358
1322,Dennis,Bogaert,BEL,1992-03-06,3336
1225,Mats,Rosenkranz,GER,1998-08-23,3307
1341,Denys,Gevel,UKR,1997-08-31,3306
1181,Yuri,Syromolotov Netrebin,ESP,1997-07-25,3296
1424,Luca,Tomasetto,ITA,1996-03-31,3296
1046,Yu Hsiou,Hsu,TPE,1999-04-02,3286
2002,Alexander,Braun,GER,1995-03-28,3281
1873,Alexander,Babanine,AUS,1994-09-06,3280
1389,Justin,Roberts,BAH,1996-12-04,3275
1239,Rio,Noguchi,JPN,1998-12-28,3270
1434,Peter,Balla,HUN,1993-05-28,3254
1461,Mick,Veldheer,NED,1996-04-05,3234
1017,Mitchell Thomas,Mcdaniels,USA,1992-01-07,3212
1678,Riccardo,Stiglich,ITA,1990-09-03,3207
1240,Benard Bruno,Nkomba,AUS,1999-09-08,3156
1569,Robin,Lang,GER,1996-02-03,3154
1370,Raheel,Manji,CAN,1997-05-26,3146
1431,Amaury,Delmas,FRA,1998-04-01,3142
1873,Changwei,Peng,CHN,1994-02-16,3141
1282,Zeke,Clark,USA,1998-07-19,3140
1446,Luis,Faria,POR,1999-07-18,3132
2038,Boris,Fassbender,FRA,1998-03-20,3114
1056,Pablo,Irigaray Guarne,ESP,1997-02-18,3106
922,Alexandru,Gozun,MDA,1996-01-01,3096
1195,Jacopo,Berrettini,ITA,1998-11-27,3080
1649,Max,Colorado ,USA,1995-12-06,3076
1164,Aljaz Jakob,Kaplja,SLO,1997-06-13,3068
1221,Karl,Friberg,SWE,1999-03-25,3058
1678,Srdjan,Jakovljevic,SRB,1996-05-16,3050
1628,Omer,Yeshaya,ISR,1999-05-15,3008
1253,Ignacio,Monzon,ARG,1998-01-05,2996
1783,Enzo,Sommer,SUI,1995-05-01,2980
1056,Nicholas,Bybel,USA,1993-10-25,2977
1211,Ristomatti,Lanne,FIN,1992-11-02,2968
2091,Chengze,Lyu,CHN,,2968
1314,Federico Nicolas,Bertucci,ARG,1993-10-15,2968
1183,Francesco,Salviato,ITA,1994-06-10,2960
1045,Felipe,Martinez Sarrasague,ARG,1997-04-02,2953
1873,Harrison,Scott,CAN,1997-03-12,2952
1238,Naoki,Takeda,JPN,1993-06-11,2945
1389,Aleksandre,Bakshi,GEO,1997-07-15,2935
1956,Javier,Naser,CHI,1996-12-03,2934
1079,Constant,De La Bassetiere,FRA,1998-01-22,2918
2002,Mislav,Bosnjak,AUS,1998-06-04,2910
1328,Stephan,Gerritsen,NED,1996-06-30,2896
1252,Bart,Stevens,NED,1998-01-29,2886
1446,Filip,Duda,CZE,1998-09-30,2866
1667,Hugo,Largo,ESP,1997-07-23,2864
1435,Albert,Roglan,ESP,1998-11-13,2858
1383,Sebastian,Korda,USA,2000-07-05,2846
1678,Bruno,Savi,BRA,1987-05-16,2836
1086,Matthias,Haim,AUT,1998-01-11,2806
1956,Yvo,Panak,CZE,1995-08-21,2805
1302,Razvan,Bobleaga,ROU,1998-08-22,2786
1226,Grigoriy,Lomakin,KAZ,1998-03-18,2766
1398,Luc,Fomba,FRA,1999-02-22,2764
1236,Luca,Giacomini,ITA,1997-10-24,2752
1412,Huixin,Wang,CHN,1996-08-04,2750
1783,Edward,Christopher Anefu,NGR,1996-04-25,2738
1783,Richard,Yang,AUS,1998-05-08,2738
1534,Nitin Kumar,Sinha,IND,1999-02-20,2737
1138,Tyler,Mercier,USA,1991-06-21,2732
1013,Dhruv,Sunish,IND,1999-11-19,2728
798,Petr,Nouza,CZE,1998-09-09,2727
1461,Anthony,Susanto,INA,1997-05-23,2720
2038,Alberto,Nieto,ESP,1996-08-19,2710
1473,Giovanni,Oradini,ITA,1997-09-14,2708
1428,Andrey,Chepelev,RUS,1998-08-02,2696
1412,Leandro,Serrano Sanz,ESP,1994-05-27,2694
1678,Ognian,Kolev,HKG,1979-06-07,2692
1678,Gustav,Hansson,SWE,1995-04-15,2678
1223,Anthony Jackie,Tang,HKG,1998-11-26,2660
1321,Abhinav Sanjeev,Shanmugam,IND,1998-11-15,2658
1376,Sergio,Barranco,ESP,1993-04-02,2656
1302,Yann,Wojcik,POL,1996-11-29,2655
1084,Gianni,Ross,USA,1999-02-04,2651
1783,Shi Hong,Zeng,CHN,1997-07-18,2648
939,Alan,Gadjiev,UZB,1996-02-16,2640
1317,Yutaro,Matsuzaki,JPN,1993-08-30,2626
1643,Valentin,Guenther,GER,1998-02-14,2620
924,Danny,Thomas,USA,1999-11-22,2618
1297,Geronimo,Barrios,CHI,1997-11-17,2600
1678,Lucas,Poullain,FRA,1995-12-05,2590
2002,Stefan,Frljanic,CAN,1996-01-12,2582
1783,Julian,Cash,GBR,1996-08-29,2578
1440,Laerte,Di Falco,ITA,1986-12-24,2557
2064,Lucas,Vuradin,AUS,1999-01-26,2554
1487,Samm,Butler,GBR,1995-02-09,2554
1678,Gabriel,Tumasonis,BRA,1996-01-22,2546
1147,Hady,Habib,USA,1998-08-21,2535
1461,George,Goldhoff,USA,1995-01-14,2524
1507,Zizou,Bergs,BEL,1999-06-03,2501
1119,Tim,Ruehl,GER,1998-03-31,2500
1243,Patrick,Kaukovalta,FIN,1998-12-01,2499
2002,Isaac,Stoute,GBR,1996-04-12,2494
1678,Ettore,Capello,ITA,1990-04-20,2490
1534,Eduard,Guell Bartrina,ESP,1998-09-06,2489
1370,Egor,Koleganov,CAN,1983-06-15,2488
1783,Anastasios,Pavlis,GRE,1993-05-25,2482
2082,Tomas,Liska,SVK,1998-07-31,2460
1341,Aleksandr,Malyshev,RUS,1997-02-18,2441
1783,Cosmin,Ontica,ROU,1995-03-22,2396
1956,Shota,Meparidze,GEO,1996-04-02,2373
2038,Marius,Frosa,ROU,1996-01-01,2370
1081,Maxence,Broville,FRA,1999-01-31,2368
1271,Guy Orly,Iradukunda,BDI,1996-03-21,2360
1353,Linh Giang,Trinh,VIE,1997-08-03,2352
2082,Barlaham,Zuluaga Gaviria,COL,1996-01-21,2350
1425,Sanhui,Shin,KOR,1997-03-18,2348
1431,Floris,Van Den Brink,NED,1995-07-21,2342
2038,Alexander,Donski,BUL,1998-08-01,2339
1476,Jurgen,Briand,FRA,1999-01-11,2338
1678,Pavel,Petrov,KAZ,1998-03-02,2324
1534,Luca,Castelnuovo,SUI,1997-01-29,2320
1122,Patrik,Obal,SVK,1996-06-20,2314
1074,Santiago,Besada,ARG,1998-04-06,2274
1360,Scott,Duncan,GBR,1994-08-21,2274
1678,Nick,Hardt,DOM,2000-09-20,2274
2038,Washi,Gervais,CAN,1994-04-21,2270
1592,Jonas,Eriksson Ziverts,SWE,1999-01-08,2258
1465,Manfred,Fellin,ITA,1997-02-24,2254
1110,Tyler,Lu,USA,1995-08-12,2244
1088,Dylan,Gee,GBR,1995-03-30,2232
1534,Hei Yin Andrew,Li,HKG,1997-03-28,2232
1252,Facundo,Juarez,ARG,1997-09-23,2230
1300,Mattias,Siimar,EST,1998-02-03,2224
1491,Adam,Walton,AUS,1999-04-17,2220
1674,Boris,Butulija,SRB,1999-01-04,2216
1678,Mitchell,Harper,AUS,1997-09-05,2202
1049,Alastair,Gray,GBR,1998-06-22,2186
1473,Samuele,Ramazzotti,ITA,1999-02-27,2183
2002,Michele,Longo,ITA,1990-08-04,2181
1569,Nicolas,Alvarez Varona,ESP,2001-05-18,2173
1230,Roy,Smith,USA,1998-09-13,2172
2064,Benjamin,Loccisano,GER,1997-03-08,2162
1332,Paramveer Singh,Bajwa,IND,1998-02-13,2155
1873,Verneri,Tuomi,FIN,1994-03-16,2153
1394,Arnaud,Neveux,BEL,1994-12-27,2140
1284,Sameer,Kumar,USA,1997-07-10,2136
1783,Johannes,Myburgh,RSA,1993-10-01,2132
2002,Marco,Mosciatti,ITA,1997-07-16,2122
1534,Maxim,Geraskin,RUS,1985-11-26,2115
1112,Haru,Inoue,JPN,1996-07-20,2107
1446,Skyler,Butts,HKG,1993-09-18,2098
1563,Aaro,Pollanen,FIN,1998-04-07,2084
1959,Gustavo De Oliveira ,Cruz,BRA,1997-06-06,2084
2097,Aziz,Ouakaa,TUN,1999-08-07,2082
1678,Garvit,Batra,IND,1997-04-04,2078
1873,Martin,Joyce,USA,1996-10-11,2062
1783,Carlos,Divar,ESP,1998-05-29,2058
1309,Chukang,Wang,CHN,1999-09-06,2056
1873,David,Gorsic,SLO,1991-12-02,2047
1317,Maxence,Beauge,FRA,2000-06-08,2032
1512,Alafia,Ayeni,USA,1999-08-10,2030
1175,Simon,Carr,IRL,1999-11-07,2030
1783,Mohammed,Mohammed,NGR,1996-08-28,2026
1322,Aitor,Sanz Llopis,ESP,1995-01-06,2018
1147,Yuto,Sakai,JPN,1996-08-12,1993
1248,Patrick,Mayer,GER,1994-01-05,1986
1534,Ayoub,Benamar,MAR,1988-01-04,1983
1431,Lourenzo,Gasperini,BRA,1997-12-04,1980
1563,Alfredo,Perez,USA,1997-05-22,1974
1312,Yuta,Shimizu,JPN,1999-06-09,1968
1383,Riccardo,Roberto,ITA,1997-10-01,1962
1592,Mark-flavius,Andres,GER,1992-11-27,1960
1168,Stefan,Skadarka,AUS,1998-12-21,1954
1678,Dominik,Bartels,GER,1992-12-06,1936
2064,Koray,Kirci,TUR,1998-08-17,1932
2038,Vasisht,Cheruku,IND,1999-06-14,1926
1873,Marcus,Walters,GBR,1998-04-03,1922
1678,Joseph,Digiulio,USA,1995-06-16,1918
2002,Simohamed,Hirs,MAR,1997-05-09,1916
1383,Dong-Hak,Sin,KOR,1992-02-26,1910
1592,Kris,Krawcewicz,AUT,1996-04-30,1902
1074,Guanarteme,Nuez Delgado,ESP,1997-09-18,1901
1956,Rocco,Savin,CRO,,1889
2064,Valentin,Vanta,ROU,1997-09-28,1876
1412,Nikita,Mashtakov,UKR,1999-03-18,1876
2002,Alex,Solanki,IND,1999-03-09,1870
1225,Francisco,Cerundolo,ARG,1998-08-13,1860
1534,Sharmal,Dissanayake,SRI,1996-05-14,1856
1271,Herbert Jody,Maginley,ANT,1995-06-07,1843
1592,Jorge,Blanco Guadalupe,ESP,1997-11-17,1842
2038,Leonard,Von Hindte,GER,1994-04-28,1832
1678,Nicolas,Mejia,COL,2000-02-11,1826
1873,Sang-Yuop,Kim,KOR,1994-09-01,1826
2064,Tomas Martin,Etcheverry,ARG,1999-07-18,1824
1428,Marco,Miceli,ITA,1998-11-03,1810
1446,Marvin Bernardo,Spiering,BRA,1997-09-08,1805
1592,Antonio J.,Ayala Hernandez,ESP,1995-05-09,1800
1534,Olly,Sadler,NZL,1995-10-11,1798
2002,Lucas,Koelle,BRA,1998-06-01,1796
1563,Michal,Marko,SVK,1996-05-12,1790
1463,Rayane,Oumaouche,FRA,1997-06-22,1788
1487,Andrew,Korinek,USA,1993-09-14,1786
1873,Grayson M.,Goldin,USA,1995-05-28,1782
1783,Warren,Kuhn,RSA,1993-10-22,1760
1563,Ivan,Marrero Curbelo,ESP,1998-09-27,1756
1412,Matteo,De Vincentis,ITA,1998-04-25,1746
1487,Charly,Zick,GER,1996-09-03,1744
1956,Daniel,Czepielewski,GER,1996-04-21,1742
1398,Masaki,Osafune,JPN,1995-03-07,1738
1376,Kaito,Itsusaki,JPN,1997-11-13,1738
2064,Daniele,Spinnato,ITA,1992-05-09,1732
1592,Roman,Blokhin,RUS,1999-03-16,1716
2064,Daniel,Cozma,ROU,1998-04-29,1714
1373,Tomohiro,Masabayashi,JPN,1998-03-05,1710
1292,Emil,Ruusuvuori,FIN,1999-04-02,1707
1648,Lingxi,Zhao,CHN,2000-01-07,1698
1431,Alejandro,Garcia Saez,ESP,1995-08-13,1696
1628,Kristjan,Tamm,EST,1998-06-16,1693
1225,David,Nguyen,USA,1989-10-29,1686
1678,Boris,Kozlov,USA,2000-08-26,1670
1544,Florian,Broska,GER,1998-01-01,1668
1956,Kento,Tagashira,JPN,1993-09-20,1656
1225,August,Holmgren,DEN,1998-04-22,1656
1569,Gianluca,Acquaroli,ITA,1994-10-27,1644
1534,Tony,Bourcet,FRA,1984-08-08,1638
2064,Itay,Shpindler,ISR,1999-01-23,1636
1873,Aron,Pierce,USA,1997-01-04,1636
1317,Alexandre,Rotsaert,USA,1999-10-14,1624
1321,Antonin,Bolardt,CZE,1998-06-07,1614
1147,Oscar,Mancineiras Cornella,ESP,1995-02-17,1592
1487,Roberto,Livi,ITA,1994-02-23,1592
1956,Oleg,Koval,UKR,1995-10-14,1572
2038,Dietrich,Dernowski,GER,1996-09-29,1572
1405,Mohamed,Abdel-Aziz,EGY,1998-12-21,1568
1956,Bruno Luca,Faletto Ureta,CHI,1998-04-07,1568
1628,Andrea,Borroni,ITA,1995-06-09,1566
1678,Mark,Burgos,FRA,1982-08-03,1563
1873,Tao,Mu,CHN,2000-04-28,1556
1873,Asdrubal,Gobernate,BRA,1995-05-18,1552
1783,Christos,Antonopoulos,GRE,1998-07-19,1552
1389,Alessandro,Ricci,CZE,1998-01-04,1550
1678,Mason,Recci,GBR,1997-01-23,1524
1959,Yusuf Ebrahim Ahmed ,Qaed,BRN,1994-07-15,1522
1457,Linus,Frost,SWE,1995-06-14,1518
1544,Adil,Kalyanpur,IND,2000-01-26,1518
1678,Lucas,Gerch,GER,1994-12-20,1516
1284,Govind,Nanda,USA,2001-02-17,1508
2064,Andrej,Glvac,SVK,1997-01-31,1504
1563,David,Hopkins,USA,1989-12-28,1482
2002,Matthew,Dellavedova,AUS,2000-05-30,1474
1678,Markus,Sedletzky,AUT,1988-04-24,1450
1873,Tadiwa,Chinamo,ZIM,1998-04-18,1446
1873,Abdulhamid,Mubarak,KUW,1994-04-08,1442
2002,Leon,Hoeveler,GER,1995-12-25,1440
1678,Tadas,Tarasevicius,LTU,1990-06-16,1440
2002,Rajko,Mladenovic,SRB,1985-10-25,1436
1956,Adrian,Oetzbach,GER,1997-10-29,1436
1563,Samir,Iftikhar,PAK,1992-03-23,1432
1678,Ji-Ha,Kim,KOR,1993-05-07,1432
1783,Ivan,Kalinin,RUS,1997-08-14,1431
1312,Samy,Grace,EGY,1999-07-04,1430
1396,Sorin Andrei,Iordache,ROU,1998-09-04,1426
1470,Franco,Ribero,ARG,1999-09-09,1424
1873,Marek,Rehacek,CZE,1996-04-12,1419
1569,Philip,Bachmaier,AUT,1996-10-30,1412
1783,Edward,Bourchier,AUS,1988-11-14,1406
1398,Luigi,Sorrentino,ITA,1998-06-18,1384
1264,Jesse,Timmermans,NED,,1383
1678,Rihards,Emulins,LAT,1987-05-13,1366
1544,Lorenzo,Bocchi,ITA,1997-11-29,1362
2038,Adriaan,De Jager,NED,1994-06-04,1358
1569,Cengiz,Aksu,TUR,1998-07-30,1350
1341,Jonathan,Binding,GBR,1993-03-13,1344
1507,Kaya,Gore,TUR,1999-01-28,1342
1373,Robin,Thour,SWE,1994-11-27,1338
1160,Rudolfs,Mednis,LAT,1998-01-19,1330
1956,Abdulrahman,Alawadhi,KUW,1992-02-17,1324
1783,Thomas,Linge,NOR,1995-12-06,1322
1373,Gabriel,Decamps,BRA,1999-08-07,1314
1956,Daniele,Catini,ITA,1995-10-18,1312
1873,Sven,Lah,SLO,1998-10-11,1310
1563,Eric,Caleguer,BRA,1997-11-22,1310
1956,Mwendwa,Mbithi,USA,1998-01-10,1292
1164,Jarryd,Bant,GBR,1992-10-29,1292
1563,Hugo,Gaston,FRA,2000-09-26,1284
1394,Arthur,Weber,FRA,1992-05-09,1272
1398,Naru,Shirafuji,JPN,1998-04-30,1268
1873,Alexander,Brown,USA,1999-05-02,1266
1783,Alex,Knaff,LUX,1997-11-26,1252
1678,Yu chang,Wang,TPE,,1240
1563,Vladislav,Melnic,ROU,1999-06-23,1240
1783,Simon,Yastremskiy,UKR,1998-01-05,1240
1873,Jordan,Parker,USA,1994-02-07,1226
1783,Dimitri,Vidin,AUS,1994-08-28,1224
1506,Gianluca,Bergomi,ITA,1993-01-15,1221
1398,Edris,Fetisleam,ROU,1999-07-25,1218
1382,Lev,Kazakov,RUS,1998-09-18,1210
1628,Tadeas,Paroulek,CZE,1999-12-30,1208
2038,Jonathan,Morr,GER,1998-08-11,1196
1783,Irakli,Metreveli,GEO,1998-04-04,1196
1873,Julian,Zlobinsky,USA,1996-01-08,1188
1873,Tomas,Charlos,GER,1995-09-03,1188
1534,Arief,Rahman,INA,1995-05-24,1184
2002,Omer,Katz,ISR,1999-02-17,1182
1956,Jaimee Floyd,Angele,FRA,2000-03-27,1180
1507,Menelaos,Efstathiou,CYP,1999-03-02,1176
1506,Thiago,Seyboth Wild,BRA,2000-03-10,1163
1502,Matthew Christopher,Romios,AUS,1999-03-29,1160
1624,David,Juras,SVK,1999-11-21,1146
1956,Grega,Boh,SLO,1997-10-29,1144
1317,Jakob,Aichhorn,AUT,1998-09-22,1144
1628,Jordi,Walder,GER,1998-07-19,1140
1507,Jakob,Schnaitter,GER,1996-03-07,1130
1678,Tian jia,Guo,CHN,1996-12-05,1126
1563,Stamatis,Kapiris,GRE,1999-06-02,1122
1783,Nicolas,Uryson,ARG,1993-06-22,1122
1383,Ibuki,Furuta,JPN,1996-04-25,1112
1956,David,Argasinski,POL,2000-08-14,1092
2064,Imanol,Lopez Morillo,ESP,1999-11-18,1090
1873,Pol,Vaquero Fernandez,ESP,1997-04-01,1090
1534,Kittirat,Kerdlapee,THA,1999-10-11,1086
1783,Sebastian,Hawken,NOR,1996-03-24,1086
1506,Francesco,Forti,ITA,1999-07-26,1082
1678,Magloire,Yakpa,BEN,1991-12-18,1081
1487,Stephan,Koenigsfest,BOL,1997-11-27,1070
1873,Kazuki,Nishiwaki,JPN,1994-10-29,1064
1678,M. Abid Ali Khan,Akbar,PAK,1990-07-22,1056
1338,Felipe,Derdoy,ARG,1997-02-09,1052
1873,Christophe,Nickels,LUX,1990-09-01,1046
2002,Michael,Vrbensky,CZE,1999-12-26,1044
2002,Alexey,Baryshev,RUS,1999-03-09,1042
1592,Niklas,Johansson,SWE,1998-10-07,1042
1143,Yunosuke,Tanaka,JPN,1999-03-03,1035
1147,Igor,Karpovets,UKR,1999-03-06,1034
1563,Ching,Lam,HKG,1999-09-03,1030
1563,Arnaud,Restifo,FRA,1997-10-11,1028
1628,Nicolas,Bacella,ARG,1998-01-14,1026
1001,Constantin,Schmitz,GER,1995-05-24,1020
1364,William,Blumberg,USA,1998-01-26,1014
1783,Leonardo,Aboian,ARG,1998-04-20,1012
1592,Alejandro,Hoyos,COL,1999-09-17,1002
1783,Gianluca,Beghi,ITA,1991-07-16,1000
1783,Hendrik,Jebens,GER,1995-08-08,994
1394,Chun Hsin,Tseng,TPE,2001-08-08,988
1873,Luis,Heredia Gomez,ESP,1999-07-11,988
1783,Maikel,Borg,NED,1997-08-14,988
1784,Erroll,Lawrence,USA,1994-07-30,986
1482,Aleksas,Tverijonas,LTU,1992-09-15,982
2064,Artem,Strokan,RUS,1992-01-28,976
2002,Dan Alexandru,Tomescu,ROU,1999-03-30,976
1592,Dhakshineswar,Suresh,IND,2000-03-29,974
1873,Lance-Pierre,Du Toit,RSA,1999-01-15,972
1678,Ricardo David,Mayagoitia,MEX,1994-06-19,972
1592,Sam,Matheson,NZL,1994-05-23,954
1842,Arvid,Nordquist,SWE,1998-06-08,950
1956,Shaheed,Alam,SGP,1998-07-09,942
1534,Frazier,Rengifo,COL,1999-01-19,938
1364,Carlos,De La Pena,MEX,,934
1563,Eduardo,Ribeiro,BRA,1998-03-17,932
1182,Maxime,Cressy,FRA,1997-05-08,930
1783,Karl Kiur,Saar,EST,1996-04-21,928
1956,Francisco,Vittar,ARG,1999-05-16,926
1873,Sathi Reddy,Chirala,IND,1990-01-31,922
1873,Colin,Sinclair,USA,1994-12-19,914
1783,Jayson,Amos,USA,1994-12-06,910
1487,Mauro,Piras,GER,1988-11-03,904
1873,James,Ibrahim,AUS,1998-04-12,900
1783,Stefano,Reitano,ITA,1997-07-21,884
1873,Luca,Keist,SUI,1998-04-21,882
2038,Martin Facundo,Carrizo,ARG,1996-09-22,872
1783,Cem,Erturk,TUR,1999-01-02,872
1783,Daniele,Pepe,ITA,1993-07-12,854
1376,Simen Sunde,Bratholm,NOR,1999-03-04,840
1783,Jason,Legall,USA,1998-11-11,836
1507,Michal,Mikula,POL,2000-03-04,828
1783,Federico,Iannaccone,ITA,1999-03-26,808
1372,Juan,Martin,ARG,1998-03-18,792
1678,Jack,Davis,CAN,1999-06-24,788
1873,Nikita,Mishin,RUS,1998-11-21,782
1956,Fermin,Tenti,ARG,1997-06-14,780
1512,Maxim,Landa,DEN,1996-05-22,780
1678,Darius,Neica,ROU,1993-04-19,774
1502,Fitriadi,M Rifqi,INA,1999-01-23,768
1783,Anurag,Nenwani,IND,1998-05-09,762
1873,Iznaur,Akhmaev,RUS,1993-03-26,762
2002,Robertas,Vrzesinski,LTU,1998-03-02,756
1372,Mark,Chigaazira,ZIM,1998-04-29,750
1482,Mohamed Ali,Bellalouna,TUN,1999-06-15,750
1873,Sergey,Dorozhkin,RUS,1993-06-28,749
1678,Gal,Hakak,ISR,1991-05-18,742
1678,Charles,Broom,GBR,1998-04-24,738
,Phongsapak,Kerdlaphee,THA,1998-05-07,738
1783,Loic,Cloes,BEL,1998-11-13,736
1528,Filip Cristian,Jianu,ROU,2001-09-18,734
1873,Horst,Rieder,ITA,1997-04-14,730
1506,Gabi Adrian,Boitan,ROU,1999-07-11,724
1873,Juan Bautista,Otegui,ARG,1999-02-23,718
1506,Christopher,Morin Kougoucheff,FRA,1997-03-09,716
1678,Bjorn,Hoffmann,USA,1998-03-17,714
1873,Alex,Hunt,NZL,1993-12-16,714
1783,Kaloyan,Dimitrov,BUL,1999-10-07,714
1783,Yannick,Verwater,NED,2000-04-15,710
1956,Luka,Pavlovic,FRA,2000-03-30,708
1783,Ming Chun Alan,Sou,HKG,1999-01-12,708
1873,Remy,Bertola,SUI,1998-08-31,706
1528,Dmytro,Kovalevych,UKR,1990-04-18,704
1678,Jose Maria,Martin De Oliva Carr,ESP,1996-11-16,702
1678,Matyas,Fuele,HUN,1998-12-22,700
1873,Alberto,Berbegal Moreno,ESP,1994-05-04,696
1783,Elliott,Orkin,USA,1994-09-09,694
1380,Joshua,Howard-Tripp,RSA,1999-06-24,692
1783,Brandon,Sutter,USA,1995-02-09,690
1783,Yasitha,De Silva,SRI,1995-07-03,690
1506,Rowland,Phillips,JAM,1994-01-23,690
1956,Sean,Hodkin,GBR,1998-10-31,688
1873,Paolo,Dagnino,ITA,1997-10-27,686
1678,Alen,Rogic-Hadzalic,CRO,1997-04-21,682
1678,Oskar,Lusti,EST,1997-11-13,681
1678,Shawn H.,Hadavi,USA,1995-10-24,674
1534,Juan Pablo,Grassi Mazzuchi,ARG,1999-08-28,672
1783,Bartlomiej,Maroszek,POL,1997-11-11,668
1482,Marco,Di Prima,ITA,1995-06-28,664
1678,Nicolas,Moreno De Alboran,ESP,1997-07-14,655
1873,Ansu,Bhuyan,IND,1995-12-15,642
1678,Maximilien,Sanson,SUI,1997-07-21,642
1487,Axel,Geller,ARG,1999-04-01,638
1783,Pavel,Mirobyan,RUS,1998-01-04,624
1534,Carlo,Donato,ITA,1999-04-03,622
1783,Thiago Agustin,Tirante,ARG,2001-04-10,614
1783,Juan Martin,Jalif,ARG,1999-01-17,614
1783,Franco David,Aubone,ARG,1999-10-16,614
1678,Ted,Bachev,BUL,1996-10-08,612
1678,Stylianos,Perdikogiannis,GRE,1997-01-02,598
1783,Bogdan,Pavel,ROU,1999-06-11,578
1678,Trey,Yates,USA,1995-11-23,570
1678,Mcclain,Kessler,USA,1996-07-18,570
1783,Giuliano,Benedetti,ITA,1998-10-06,558
1783,Christian,Hansen,GER,1988-12-26,556
1783,Casper,Bonapart,NED,1997-01-29,552
1873,Roi,Ginat,ISR,2001-02-18,538
1678,Gabriel,Diaz Freire,ESP,1997-10-24,538
1783,Fabio,Costa,BRA,1993-02-06,534
1783,Hleb,Maslau,BLR,1990-06-09,532
1783,Siva Deep,Kosaraju,IND,1999-01-15,522
1873,Gaston Ezequiel,Cantero,ARG,1998-05-10,522
1678,Christopher,Rosensteel,USA,1991-10-11,520
1360,David,Norfeldt,SWE,1998-03-20,520
1873,Aidan,Mchugh,GBR,2000-07-09,518
1873,Jaycer,Lyeons,USA,2000-11-16,518
1783,Yan,Bondarevskiy,RUS,2000-03-17,514
1678,Nico,Mertens,GER,1994-04-04,510
1783,Lleyton,Cronje,RSA,2000-09-22,510
1873,Felipe,D'Annunzio,ARG,1997-01-30,506
1783,Samuel,Beddow,GBR,1995-10-27,502
1783,Dusan,Rajic,SRB,1999-04-27,502
1678,Benjamin,Tullou,FRA,1990-05-22,502
1506,Stijn,Slump,NED,1999-01-21,494
1487,Alexander,Knight,USA,1996-12-11,492
1678,Brian,Cernoch,USA,1999-09-09,486
1506,Siphosothando,Montsi,RSA,1999-11-09,484
1372,Savva,Polukhin,RUS,1998-11-19,464
1487,Seppe,Cuypers,BEL,1998-06-24,460
1678,Zlatan,Palazov,BUL,1999-05-11,452
1678,Rishabh,Sharda,IND,2000-01-09,452
1783,Timo,Stodder,GER,1996-05-17,432
1678,Jie-Ming,Pai,TPE,2000-10-30,430
1678,Jia-Hong,Shen,TPE,1995-02-26,430
1678,Eddie,Grabill,USA,1997-06-29,430
1783,Damien,Wenger,SUI,2000-03-17,420
1783,Alexey,Nesterov,RUS,1998-01-22,414
1678,Jesse,Flores,CAN,1995-03-31,412
1675,Alexander,Sazankov,RUS,1998-10-29,406
1678,Arnd,Weyhausen,GER,1993-11-11,382
1506,Bertus,Kruger,RSA,1999-04-02,380
1786,Kai,Lemstra,GER,1999-06-19,376
1678,Joshua,Rose,GBR,1999-08-29,366
1678,Hugo,Pierre,FRA,1996-03-13,362
1678,Gerald,Moretti,BEL,1992-09-21,352
1783,Alejandro,Pena,COL,1999-01-22,348
1678,Konstantinos,Ilia,CYP,1995-05-10,348
1678,Dominik,Stary,CZE,1997-01-18,344
1678,Arturo,Dell'Eva,ITA,1997-06-16,325
1678,Adria,Soriano Barrera,ESP,1999-06-02,312
1678,Alexandr,Semenov,RUS,1986-03-31,312
1678,Juan Manuel,Lopez,COL,2000-05-18,308
1678,Niccolo,Catini,ITA,1997-12-09,294
1783,Tomislav,Podvinski,CRO,1997-02-06,276
1678,Sebastian,Baez,ARG,2000-12-28,276
1678,Guus,Koevermans,NED,1997-05-12,272
1678,Daniel,Michalski,POL,2000-01-11,258
1678,Denis,Semenikhin,USA,1992-02-20,258
1678,Pasquale,De Giorgio,ITA,1999-04-27,258
1678,Teeradon,Tortrakul,THA,1996-01-29,258
1678,Alexandros,Skorilas,GRE,2000-03-16,258
1678,Shinji,Hazawa,JPN,1999-04-12,258
1678,Wojciech,Marek,POL,2001-05-27,258
1678,Angel,Santiago Setien,ESP,2001-01-08,208
1678,Christophe,Tholl,LUX,1994-12-19,208
1678,Justin,Schlageter,GER,2001-03-09,208
1678,Mohamed,Sorour,EGY,1995-08-15,208
1678,Florent,Bax,FRA,1999-06-16,172
1678,Philip,Henning,RSA,2000-11-10,172
1678,Alex,Diaz,PUR,1997-08-02,172
1678,Alexander Carlos,Parker,GBR,1999-03-23,172
